date,ILLIQ_EW
2017-03-01,-0.00753658797450373
2017-03-02,0.0052649944249442025
2017-03-03,-0.0021036180929659845
2017-03-06,-0.0020691476387807326
2017-03-07,0.0037359178082191783
2017-03-08,0.0006279460395579904
2017-03-09,-6.615912850054179e-05
2017-03-10,-0.0073467561926518
2017-03-13,0.0011930079145994503
2017-03-14,0.0028417013938047703
2017-03-15,-0.010126149421280156
2017-03-16,0.0044087577824699475
2017-03-17,0.00802614076109125
2017-03-20,-0.0007768274475000575
2017-03-21,0.003912101014740691
2017-03-22,-0.007128476517023778
2017-03-23,0.0013009457165934677
2017-03-24,0.004684328559277512
2017-03-27,0.0021604964788732397
2017-03-28,-0.005127226507764536
2017-03-29,0.003752479434366032
2017-03-30,0.0010489013420964628
2017-03-31,0.00331315395480226
2017-04-03,-0.003580230107860367
2017-04-04,-0.002757467165010494
2017-04-05,0.004167195557473537
2017-04-06,0.0016767020745428974
2017-04-07,0.004773060633063717
2017-04-10,0.0001180201622424683
2017-04-11,-0.0029357236776733167
2017-04-12,0.0028478571613504556
2017-04-13,0.005467655617837054
2017-04-17,-0.0074514208211824695
2017-04-18,-0.004734295726520583
2017-04-19,0.005066959047456226
2017-04-20,-0.005566944549552705
2017-04-21,0.001101300831088325
2017-04-24,-0.008583407428932998
2017-04-25,0.0015589676778895532
2017-04-26,0.0061503259432241116
2017-04-27,-0.001797888627149809
2017-04-28,0.008187931169904919
2017-05-01,-0.001866339048714275
2017-05-02,-0.002177055550174351
2017-05-03,0.0012381628213843018
2017-05-04,-0.005972618911995177
2017-05-05,-0.005794717891022899
2017-05-08,0.003848700902139443
2017-05-09,0.00018384522494984713
2017-05-10,-0.0019069121054753964
2017-05-11,0.0008160344141825821
2017-05-12,0.00041886026698422494
2017-05-15,-0.003794371391877937
2017-05-16,-0.002102412178516845
2017-05-17,0.004704588990544623
2017-05-18,-0.004193564581611495
2017-05-19,0.002093422973134045
2017-05-22,-0.0037330244885509485
2017-05-23,-0.0001130513095373855
2017-05-24,-0.0028397305366247663
2017-05-25,-0.0028740985177972515
2017-05-26,0.0012313005431883216
2017-05-30,-1.1043801486839647e-05
2017-05-31,0.0029696171487287116
2017-06-01,-0.010589689116155905
2017-06-02,0.004683536174005893
2017-06-05,-0.00020923157573360515
2017-06-06,0.0003225470529634449
2017-06-07,0.002801559660980582
2017-06-08,0.006320986564792917
2017-06-09,-0.001930600554026886
2017-06-12,-0.00030061743443642226
2017-06-13,-0.0028147810407340265
2017-06-14,0.001660570140879281
2017-06-15,-0.0006469460207612458
2017-06-16,-0.006349458967074592
2017-06-19,-0.0032376073885051404
2017-06-20,0.004081139205346569
2017-06-21,0.000106423627282238
2017-06-22,0.005050056432917995
2017-06-23,-0.0006020179307368646
2017-06-26,2.3605032306013877e-05
2017-06-27,0.006067425732171567
2017-06-28,-0.004282259519350812
2017-06-29,0.007784970222817924
2017-06-30,0.0026339624023995426
2017-07-03,0.0024579433257008476
2017-07-05,-0.0037019992492142396
2017-07-06,0.005827919397993311
2017-07-07,-0.0063816432715932715
2017-07-10,0.003325923515607496
2017-07-11,-0.004716852214452214
2017-07-12,-0.0016344353781512604
2017-07-13,0.0011241020243148805
2017-07-14,-5.164673507594003e-05
2017-07-17,-0.0009204471782001391
2017-07-18,-0.0037083015474288212
2017-07-19,-0.0040041494788658795
2017-07-20,0.00166336587714278
2017-07-21,0.00047671212638708213
2017-07-24,0.0033260253241549076
2017-07-25,-0.007483418800627124
2017-07-26,0.0024211868896130266
2017-07-27,-0.004709289774701726
2017-07-28,-0.0014228941057435633
2017-07-31,-0.002903243587158373
2017-08-01,-0.00427500469348659
2017-08-02,-0.002705182001133787
2017-08-03,0.00034513801817149343
2017-08-04,-0.0015063001790553618
2017-08-07,-0.0023018195195195195
2017-08-08,-0.0024240990977497227
2017-08-09,-0.007564524913276203
2017-08-10,0.007006471170809569
2017-08-11,-0.003682424290832426
2017-08-14,0.0034577760099839382
2017-08-15,-0.008666918322600251
2017-08-16,-0.004668029841969177
2017-08-17,0.008864565029226352
2017-08-18,0.004620352234352063
2017-08-21,-0.0002417142928958035
2017-08-22,-0.008548459946078203
2017-08-23,-0.0016157771631110107
2017-08-24,0.0038484117592034166
2017-08-25,0.002854013570026864
2017-08-28,-0.0009488989186784279
2017-08-29,0.005616589871885213
2017-08-30,-0.0008901888974629231
2017-08-31,-0.010618863482078621
2017-09-01,0.004572569332110398
2017-09-05,0.004759841171062867
2017-09-06,0.0016179204454763118
2017-09-07,0.002393780733322656
2017-09-08,-0.0003304565678734672
2017-09-11,-0.002254523772732675
2017-09-12,0.002712332954545455
2017-09-13,0.008107468743933217
2017-09-14,0.001139550550452739
2017-09-15,-0.0015056655918181223
2017-09-18,-0.00047626165880986534
2017-09-19,-0.0005998233089957295
2017-09-20,-0.0005092559281138196
2017-09-21,0.0026031877818718475
2017-09-22,0.00786185616918
2017-09-25,-0.0032389563872060453
2017-09-26,0.0028901398795705344
2017-09-27,-0.000321081238537059
2017-09-28,0.0015166523902346257
2017-09-29,-0.0031867310647537657
2017-10-02,-0.0008893655030326546
2017-10-03,0.0007391662948367447
2017-10-04,0.004119338458985563
2017-10-05,0.0026966819354479477
2017-10-06,0.007500103942484347
2017-10-09,0.005182950208540598
2017-10-10,-0.0015362672820425564
2017-10-11,0.0046567459680759175
2017-10-12,-0.005699401487327364
2017-10-13,0.0013674778097110876
2017-10-16,-0.0033647111418701778
2017-10-17,-0.005495331007843508
2017-10-18,-0.0012620039768415727
2017-10-19,-0.002720409665058528
2017-10-20,-0.005086592962782383
2017-10-23,-0.002227246015812468
2017-10-24,-0.003053425919606421
2017-10-25,0.0003544656084656086
2017-10-26,-0.00014604950289975145
2017-10-27,-0.0033862535182747804
2017-10-30,-0.00011341104659181233
2017-10-31,-0.0002444171070490053
2017-11-01,-0.0031512938389725124
2017-11-02,0.0043827314850410975
2017-11-03,-0.0036178762178997476
2017-11-06,0.00027290100648103997
2017-11-07,-0.00030960727829384515
2017-11-08,-0.00016639798401937595
2017-11-09,0.008439050991442768
2017-11-10,0.0022950753848561076
2017-11-13,-0.0012283172701467902
2017-11-14,-0.0035633910224089635
2017-11-15,0.004357329985994398
2017-11-16,0.006393151560624252
2017-11-17,0.002142041433304781
2017-11-20,0.002974358983500182
2017-11-21,-0.005328212686567164
2017-11-22,0.006914522475197991
2017-11-24,0.005600666159049939
2017-11-27,0.0011861020664286487
2017-11-28,-0.009734246848229126
2017-11-29,-0.0019009054534579997
2017-11-30,-0.006680791308986857
2017-12-01,0.003551656902648226
2017-12-04,-0.0015055142341584766
2017-12-05,0.003432197771587744
2017-12-06,-0.005937143278791345
2017-12-07,0.00023242849171487695
2017-12-08,0.0009444268028474161
2017-12-11,-0.002147292846309953
2017-12-12,0.00021636515991432011
2017-12-13,0.0016141278203914357
2017-12-14,0.005640587336757949
2017-12-15,-0.005454071803396531
2017-12-18,-0.0006316062892863794
2017-12-19,0.004230078182267997
2017-12-20,0.005495941814665649
2017-12-21,0.0009211422331723137
2017-12-22,0.0028872063659215984
2017-12-26,0.0005448099654523751
2017-12-27,0.0009685639937896709
2017-12-28,-0.0005786912069974982
2017-12-29,0.006573214689821312
2018-01-02,0.0024053635350116346
2018-01-03,0.007537816110169954
2018-01-04,0.001374382046537708
2018-01-05,0.004384403195000275
2018-01-08,-0.0011764015580441592
2018-01-09,-0.0022993822748792235
2018-01-10,0.005603212826813841
2018-01-11,0.005632677912261376
2018-01-12,-0.0030202817368597495
2018-01-16,0.0039909606614731445
2018-01-17,-0.008728088551194271
2018-01-18,0.000961389278933585
2018-01-19,-9.098395983475269e-05
2018-01-22,-0.005053567473144253
2018-01-23,-0.003133278896176326
2018-01-24,0.0013944901671670428
2018-01-25,-7.772968385876997e-05
2018-01-26,-0.002793538162493292
2018-01-29,0.000712270335748509
2018-01-30,0.0013338166608838006
2018-01-31,-0.002586442615656422
2018-02-01,0.0020497016371005946
2018-02-02,0.004090995714130319
2018-02-05,0.014187224649119798
2018-02-06,-0.0084278232802183
2018-02-07,0.006958334667628532
2018-02-08,0.018960080053854335
2018-02-09,-0.018266152195012694
2018-02-12,-0.004340677585447948
2018-02-13,0.0007368080462548106
2018-02-14,-0.007615637623185459
2018-02-15,-0.007240746616541352
2018-02-16,0.0003724749030470915
2018-02-20,0.0017042131414777171
2018-02-21,0.007806238600851112
2018-02-22,-0.00029349984663083333
2018-02-23,-0.008446800291296592
2018-02-26,-0.0057186093100056856
2018-02-27,0.007392647885629074
2018-02-28,0.004789481581085511
2018-03-01,0.006752009885488411
2018-03-02,0.0001336259857589537
2018-03-05,-0.0036798302081589374
2018-03-06,-0.0029301798416950346
2018-03-07,0.0004958289805714718
2018-03-08,0.005882340696786049
2018-03-09,-0.013962574804250559
2018-03-12,0.003989156684479106
2018-03-13,0.0033288420601061807
2018-03-14,0.008907775728438228
2018-03-15,0.005790978951890034
2018-03-16,0.003703385332956047
2018-03-19,0.005057501079188107
2018-03-20,-0.0024033319444444444
2018-03-21,0.0033555739481400783
2018-03-22,0.018997633480378143
2018-03-23,0.014490067799945472
2018-03-26,-0.022767235937584288
2018-03-27,0.0068647969628372
2018-03-28,-0.0036482272070766505
2018-03-29,-0.008146947727272726
2018-04-02,0.009791889501071321
2018-04-03,-0.01235750905982906
2018-04-04,-0.007238805690557863
2018-04-05,-0.0010693995700723682
2018-04-06,0.012157560388472868
2018-04-09,-0.001135270528332325
2018-04-10,-0.007245331794294295
2018-04-11,0.0058105026470298
2018-04-12,-0.002949449930802689
2018-04-13,0.00403748134057971
2018-04-16,-0.010024807151300236
2018-04-17,-0.002140218089795606
2018-04-18,-0.004286278360258194
2018-04-19,0.004890530162885398
2018-04-20,0.003836088156839149
2018-04-23,-0.001260278517837635
2018-04-24,0.004666698993837858
2018-04-25,-0.002321573558158764
2018-04-26,-0.008209393887583329
2018-04-27,0.003840138492063492
2018-04-30,0.005832636836367084
2018-05-01,-0.00220002834679133
2018-05-02,0.010656538730795428
2018-05-03,0.0042987703662527065
2018-05-04,-0.007372999033620575
2018-05-07,-0.0008818113374371521
2018-05-08,7.276882953359445e-05
2018-05-09,-0.006968801718845918
2018-05-10,-0.0036305769322678713
2018-05-11,0.0009562105275233567
2018-05-14,0.0034544708131034095
2018-05-15,0.0046149168755102435
2018-05-16,-0.005206511769744087
2018-05-17,0.00866359362146696
2018-05-18,0.001925140452348066
2018-05-21,-0.005560889436426181
2018-05-22,0.003874653812438995
2018-05-23,-0.00032141743612175595
2018-05-24,-0.0009196907208719098
2018-05-25,0.002867037436694291
2018-05-29,0.00794019137391257
2018-05-30,-0.009737517837635089
2018-05-31,0.010329358738417217
2018-06-01,-0.0007370612499459413
2018-06-04,-0.0048835875283467535
2018-06-05,0.005935812168262654
2018-06-06,-0.010887592945093746
2018-06-07,0.0055312540308052605
2018-06-08,-0.005600260255187216
2018-06-11,0.005585611135957066
2018-06-12,-0.004396884969720397
2018-06-13,0.0032688119923554707
2018-06-14,-0.0009092738543075808
2018-06-15,-0.0018566199657831922
2018-06-18,0.0008106790218309177
2018-06-19,-0.003590816572234797
2018-06-20,0.007722157991071221
2018-06-21,0.0030614090838454477
2018-06-22,-0.0006824308701993192
2018-06-25,0.009139466730752971
2018-06-26,0.004404913987336185
2018-06-27,-0.001458298028128172
2018-06-28,-0.00714271565280224
2018-06-29,0.0035654284643892274
2018-07-02,-0.0028870734310699592
2018-07-03,0.005673891521150781
2018-07-05,-0.0034873533244573545
2018-07-06,-0.00526578927826478
2018-07-09,-0.0004958325451497082
2018-07-10,-0.0041265435230175606
2018-07-11,0.007172156924392865
2018-07-12,-0.0043274611591430845
2018-07-13,-0.00037763910051174864
2018-07-16,-0.0008688656777866093
2018-07-17,-0.0024146234658823365
2018-07-18,0.0010531086755149006
2018-07-19,-0.0006723694431540704
2018-07-20,0.004246641317585614
2018-07-23,-0.0006903720719127617
2018-07-24,-0.004961900521446594
2018-07-25,-0.006946236750438341
2018-07-26,-0.0019581704060256558
2018-07-27,0.0016826302213420316
2018-07-30,0.00203084908777969
2018-07-31,-0.007958547753188083
2018-08-01,0.007286647560986799
2018-08-02,-0.005656664374451577
2018-08-03,-0.00015510058159503562
2018-08-06,-0.0031949834809264304
2018-08-07,-0.000353336158627537
2018-08-08,0.005732479568755046
2018-08-09,0.0028817167930237702
2018-08-10,-0.0006231287829246137
2018-08-13,0.00019508768768506084
2018-08-14,-0.006728795817438692
2018-08-15,-0.0026392918671927536
2018-08-16,-0.0025030589927461534
2018-08-17,-0.0028397504622009523
2018-08-20,-0.0019352928542144868
2018-08-21,-0.0015351516403138898
2018-08-22,0.007092360038614596
2018-08-23,0.000897061639373669
2018-08-24,-0.0004519553021189657
2018-08-27,-0.007334517828050702
2018-08-28,0.00496442337052129
2018-08-29,-0.0003781503585782234
2018-08-30,0.0011745005682504044
2018-08-31,0.0025431013498958856
2018-09-04,0.0020968237852145967
2018-09-05,-0.003581129141087329
2018-09-06,0.0022224004742547425
2018-09-07,0.0013051759915403208
2018-09-10,-0.006795929940944361
2018-09-11,-0.0008453713263346231
2018-09-12,0.0031547903888145064
2018-09-13,-0.00503849049657291
2018-09-14,-0.007196702026275345
2018-09-17,0.005360887928815438
2018-09-18,0.0013383616799722319
2018-09-19,-0.002149602539251793
2018-09-20,0.0029276910103209434
2018-09-21,0.004063323647333425
2018-09-24,0.005544998802690349
2018-09-25,0.0022814784659131873
2018-09-26,0.0019013668741234221
2018-09-27,-0.003916644172705314
2018-09-28,-0.0039792962996671516
2018-10-01,0.006963047932021377
2018-10-02,0.0027616287846371286
2018-10-03,0.005472546942157319
2018-10-04,0.0018857029089911154
2018-10-05,0.0023839392953929543
2018-10-08,-0.00483116254900413
2018-10-09,0.0003510526712501849
2018-10-10,0.010418889673487784
2018-10-11,0.011123162232377613
2018-10-12,-0.0039786124560168895
2018-10-15,0.0014656011954296277
2018-10-16,-0.018760641932105096
2018-10-17,0.009878223055162658
2018-10-18,0.012488377663829351
2018-10-19,0.00519056104273723
2018-10-22,-0.003004765705758724
2018-10-23,0.0005165803219472874
2018-10-24,0.015804279982636733
2018-10-25,-0.019096554354506187
2018-10-26,0.00836830618969429
2018-10-29,-0.0019948137450025312
2018-10-30,-0.019025047105265525
2018-10-31,0.001878043707250341
2018-11-01,-0.0018709117913333923
2018-11-02,0.0007343245490485152
2018-11-05,-0.005418621123469155
2018-11-06,-7.864393759404384e-05
2018-11-07,-0.012907013339762134
2018-11-08,0.0059683867727418835
2018-11-09,0.0007605591806394852
2018-11-12,0.001025802159204347
2018-11-13,-0.004456507103825137
2018-11-14,-0.002754448774355752
2018-11-15,-0.012587356804116996
2018-11-16,-0.006103887547702557
2018-11-19,0.010601000780628374
2018-11-20,0.0042038421150684905
2018-11-21,-0.002330107236256893
2018-11-23,0.0032515839760152102
2018-11-26,-0.01366840169308912
2018-11-27,-0.005636888991257703
2018-11-28,-0.012232725878729957
2018-11-29,0.005616633232913936
2018-11-30,-0.0071385976581481055
2018-12-03,-0.004313413938692887
2018-12-04,0.01307770830561416
2018-12-06,-0.012354772568792359
2018-12-07,0.01493846552952069
2018-12-10,-0.009241192897606687
2018-12-11,-0.0015994275434253569
2018-12-12,-0.0041182425302734044
2018-12-13,0.00010795268943089489
2018-12-14,0.003727793995463465
2018-12-17,0.0011283993902439018
2018-12-18,-0.0046007952227894375
2018-12-19,0.006858209287683814
2018-12-20,-0.007887550941464925
2018-12-21,0.0038776872651884904
2018-12-24,0.007144549450102702
2018-12-26,-0.03215303825949674
2018-12-27,-0.014643087762424675
2018-12-28,0.016192943690208635
2018-12-31,-0.002385241051980099
2019-01-02,0.03415879527605867
2019-01-03,0.013840103184805198
2019-01-04,-0.002318224895170619
2019-01-07,0.008079678166720939
2019-01-08,0.00046917981598619887
2019-01-09,0.011012443873196507
2019-01-10,-0.001936603319783198
2019-01-11,0.003554458328606542
2019-01-14,0.004357542548674334
2019-01-15,0.0010738696386355957
2019-01-16,0.0031590767668090163
2019-01-17,-0.005588038624101838
2019-01-18,-0.0023209082879313194
2019-01-22,0.0058633032666813144
2019-01-23,-0.001214377708978328
2019-01-24,-0.0010845181658536585
2019-01-25,-0.0005999598005420066
2019-01-28,0.0030487194919710395
2019-01-29,-0.0030222142526875506
2019-01-30,-0.0012978541997029878
2019-01-31,0.0003454586484408096
2019-02-01,0.002719140448603377
2019-02-04,0.0036771057726519597
2019-02-05,-0.003351026773093872
2019-02-06,0.0039928303918871115
2019-02-07,0.00044265071770334917
2019-02-08,-0.005778494647588766
2019-02-11,-0.001288917524393403
2019-02-12,-0.0006302159972542895
2019-02-13,0.0016208081033907942
2019-02-14,-0.001754678981753618
2019-02-15,-0.004577555846979191
2019-02-19,0.005579751891015746
2019-02-20,-0.007005334368768216
2019-02-21,0.005195241703737793
2019-02-22,0.0014254602013162986
2019-02-25,0.0036167218824069117
2019-02-26,0.0016064634913330266
2019-02-27,0.0004651632161346086
2019-02-28,-0.001112630415144731
2019-03-01,-0.0032940631091721638
2019-03-04,0.010438751093630523
2019-03-05,0.004234186024941197
2019-03-06,0.0024625469583731633
2019-03-07,0.00215575333913191
2019-03-08,-0.0007145506649024573
2019-03-11,-0.005341798724743576
2019-03-12,-9.066531930682249e-05
2019-03-13,-0.00037833844340652047
2019-03-14,0.004102350478950334
2019-03-15,-0.003923989886178861
2019-03-18,-5.729644444444444e-05
2019-03-19,-2.8010931019853413e-05
2019-03-20,0.00586961907015493
2019-03-21,-0.011317289694094198
2019-03-22,0.007560373384946677
2019-03-25,-0.004921700912764772
2019-03-26,-0.003786636337460409
2019-03-27,0.0038870845567476006
2019-03-28,-0.001310531002964427
2019-03-29,-0.005130989010044029
2019-04-01,-0.003113502439782566
2019-04-02,0.0004142420633741537
2019-04-03,-0.003962040616415353
2019-04-04,0.0025812629669859453
2019-04-05,0.0009786360737451573
2019-04-08,0.00030407833522267216
2019-04-09,0.005378501003382583
2019-04-10,-0.007432550337381916
2019-04-11,0.004351871159015267
2019-04-12,-0.006796056536451842
2019-04-15,1.907169365722005e-05
2019-04-16,0.001560475046819235
2019-04-17,0.0003836853139134724
2019-04-18,-0.0003812932668306947
2019-04-22,0.00023852643907658995
2019-04-23,-0.005504807337786752
2019-04-24,-0.00394395072958245
2019-04-25,0.0011904697917796453
2019-04-26,-0.00457452640020847
2019-04-29,0.0017182876991285597
2019-04-30,-0.0010731252812114472
2019-05-01,0.007030262592976179
2019-05-02,-0.0029013452782726047
2019-05-03,-0.003652131993458426
2019-05-06,-0.0017407717459791078
2019-05-07,0.009217778949135471
2019-05-08,0.0002458925349787085
2019-05-09,-0.004557696514029953
2019-05-10,-0.0014025426855426857
2019-05-13,0.004679901107940237
2019-05-14,-0.0020833761808134003
2019-05-15,-0.002550715742812877
2019-05-16,-0.007100993756547245
2019-05-17,0.003116362427133015
2019-05-20,0.0009941780373831774
2019-05-21,-0.006885055590372981
2019-05-22,-0.000344168829573375
2019-05-23,0.004634544801837409
2019-05-24,-0.0007932889750847715
2019-05-28,0.004764490932409516
2019-05-29,0.00034943753913930717
2019-05-30,0.001997624173833302
2019-05-31,0.0038646917936587958
2019-06-03,-0.00020037935192952988
2019-06-04,-0.013977399770259203
2019-06-05,-0.008488813418460734
2019-06-06,-0.010256283288807802
2019-06-07,-0.0014501807907416975
2019-06-10,-0.001316688261839199
2019-06-11,0.0012784643645810782
2019-06-12,-0.000977964513422819
2019-06-13,-0.0007701258210363105
2019-06-14,-0.00033428372016784625
2019-06-17,0.00025584254193548395
2019-06-18,-0.0031691992889763647
2019-06-19,0.00021324398122312283
2019-06-20,-0.0020486418872671637
2019-06-21,-0.0025991245059372716
2019-06-24,0.0051377399675010356
2019-06-25,0.0036367522183350476
2019-06-26,0.0032849949994329694
2019-06-27,-0.00622624994088228
2019-06-28,-0.005578792353633916
2019-07-01,0.00019126914575581192
2019-07-02,-0.0009433445325424687
2019-07-03,-0.004864379388114213
2019-07-05,0.002574173898061371
2019-07-08,0.0030013083282709593
2019-07-09,-0.0029955179005756146
2019-07-10,0.00223878876014381
2019-07-11,-0.0004952108527131783
2019-07-12,-0.005838972070393374
2019-07-15,0.0016577106562662505
2019-07-16,-0.0007217726227795192
2019-07-17,0.004048691572815534
2019-07-18,-0.004760984839895012
2019-07-19,0.0031023629333333334
2019-07-22,-0.0035145016661466454
2019-07-23,-0.0035970244656875834
2019-07-24,-0.002807963260843518
2019-07-25,0.0010179809587906622
2019-07-26,-0.0037761227809121837
2019-07-29,0.00010266377211024208
2019-07-30,0.005581699206486114
2019-07-31,0.00023621968094939168
2019-08-01,0.0001901022993502869
2019-08-02,0.005543644246850496
2019-08-05,0.003546230720469005
2019-08-06,-0.006092179633095587
2019-08-07,-0.002997492837116018
2019-08-08,-0.014821796246648793
2019-08-09,0.004583422471982275
2019-08-12,0.009032311154425631
2019-08-13,-0.011983900193977366
2019-08-14,0.008161780219003885
2019-08-15,-0.0047370578245848425
2019-08-16,-0.0049356368480761685
2019-08-19,-0.0023472268706879454
2019-08-20,0.00554645154362416
2019-08-21,-0.0018547879019740728
2019-08-22,-0.0005790358725911223
2019-08-23,0.01118689758345681
2019-08-26,-0.004763704992993583
2019-08-27,0.00048624744846009803
2019-08-28,-0.0020981632673105245
2019-08-29,-0.00723333161572145
2019-08-30,0.0027082230620671995
2019-09-03,0.0004306804458385225
2019-09-04,-0.005097912848605579
2019-09-05,-0.006752136786188578
2019-09-06,0.0035114422560933666
2019-09-09,-0.000673277617359309
2019-09-10,0.003477203015893415
2019-09-11,0.0007159656868588639
2019-09-12,6.994123049045096e-06
2019-09-13,0.0035977239519027196
2019-09-16,0.0031895683463186554
2019-09-17,-0.006027443508982937
2019-09-18,0.0016973083106171802
2019-09-19,2.3545597323227046e-05
2019-09-20,0.00926848201087508
2019-09-23,-0.006637965926935133
2019-09-24,0.0032169293339826197
2019-09-25,-0.007839135959056519
2019-09-26,0.0010524765333333333
2019-09-27,0.00011623741916225259
2019-09-30,-0.0031169909646971156
2019-10-01,0.004620892196687783
2019-10-02,-0.002051379962649586
2019-10-03,-0.0023434928588036003
2019-10-04,-0.005781683502716715
2019-10-07,0.0006894288873922193
2019-10-08,0.009662161360632401
2019-10-09,-0.006475007827666508
2019-10-10,-0.008204151808501836
2019-10-11,0.0006322012353877447
2019-10-14,-6.733038293524969e-05
2019-10-15,-0.00030568248983295007
2019-10-16,0.0034965903359064233
2019-10-17,-0.0021640078237896406
2019-10-18,0.0028939075975494754
2019-10-21,-0.005324238490971761
2019-10-22,0.0009800512638790456
2019-10-23,0.002404457831325301
2019-10-24,-0.005477275706214689
2019-10-25,-0.0014023211299945917
2019-10-28,-0.001351565243814572
2019-10-29,-0.002919346163866641
2019-10-30,-0.004777456798531072
2019-10-31,0.0012433561602114935
2019-11-01,-0.004217899706607254
2019-11-04,0.0020191208652507848
2019-11-05,0.003036579913002283
2019-11-06,-0.00110754567700174
2019-11-07,-0.001573047389437814
2019-11-08,0.00013370686289729977
2019-11-11,-0.0021950473300894084
2019-11-12,-0.004207158082937842
2019-11-13,-0.005352784184555375
2019-11-14,-0.004926190522373647
2019-11-15,-0.0013712590430171078
2019-11-18,-0.0044774105473965285
2019-11-19,-0.0020879616129315863
2019-11-20,-0.0040608241783678545
2019-11-21,0.007005053348206683
2019-11-22,-0.002937468740846744
2019-11-25,-0.004891491548083025
2019-11-26,-0.001860591853275401
2019-11-27,0.0019172054395585674
2019-11-29,0.008169493067934245
2019-12-02,0.004479132894970328
2019-12-03,0.0010658547765520785
2019-12-04,-0.0030476523977112212
2019-12-05,-0.0007940614274291103
2019-12-06,-0.005742829470198676
2019-12-09,0.001542829427690427
2019-12-10,0.0001437314394046119
2019-12-11,-0.0011403922779906854
2019-12-12,-0.00033061447540588384
2019-12-13,0.001391628491068005
2019-12-16,-0.0026834790558255767
2019-12-17,-0.00011717527634016989
2019-12-18,-0.002091908204384268
2019-12-19,-0.0018317330865771152
2019-12-20,-0.00021452368114252465
2019-12-23,0.0005605534281634093
2019-12-24,-0.00027180066204697767
2019-12-26,0.0010280864181188023
2019-12-27,0.0013446959987412116
2019-12-30,0.009193449777777779
2019-12-31,0.00035457322143195866
2020-01-02,0.009062346493287557
2020-01-03,4.569982334213293e-05
2020-01-06,0.005270731363565772
2020-01-07,0.004173846775216412
2020-01-08,0.00501386615030484
2020-01-09,0.002456770529838349
2020-01-10,0.0029760077405525565
2020-01-13,-0.002441953898062877
2020-01-14,-0.0005961885826586328
2020-01-15,-0.0001782232786532265
2020-01-16,-0.0019961400895856666
2020-01-17,-0.00190338901141671
2020-01-21,0.0055355068844984805
2020-01-22,-0.0030177502447461166
2020-01-23,-0.0025216327111922446
2020-01-24,0.0016203383250193775
2020-01-27,0.003445363745362454
2020-01-28,-0.002788255728029802
2020-01-29,-0.003196853452079023
2020-01-30,-0.002162023731410329
2020-01-31,0.009159008944086285
2020-02-03,-0.007039323374958731
2020-02-04,-0.005802584802621314
2020-02-05,-0.0018616672267334966
2020-02-06,-0.0027861135205732033
2020-02-07,0.0028977363957881194
2020-02-10,-0.002293866610339547
2020-02-11,-0.0019674397682406582
2020-02-12,-0.003784849016204411
2020-02-13,-0.0004159520032860185
2020-02-14,-0.00018840445803729893
2020-02-18,0.00010568406391847337
2020-02-19,-0.0008692619322207026
2020-02-20,0.004870802387267905
2020-02-21,0.003834734478975312
2020-02-24,0.013609500792593501
2020-02-25,0.013024034435250804
2020-02-26,0.0035588439076032394
2020-02-27,0.013793679453172825
2020-02-28,-0.000986439544650752
2020-03-02,-0.020134352900279255
2020-03-03,0.018497199718322657
2020-03-04,-0.024321231140999947
2020-03-05,0.012417364510664653
2020-03-06,0.003800319498350623
2020-03-09,0.019830792254052015
2020-03-10,-0.02867643969091594
2020-03-11,0.024378468638272626
2020-03-12,0.023787841526341807
2020-03-13,-0.05512898691422269
2020-03-16,0.04060511351299914
2020-03-17,-0.03439988172818818
2020-03-18,0.01444193548212936
2020-03-19,-6.056259979334011e-06
2020-03-20,0.01585927904557801
2020-03-23,0.0021767178389113864
2020-03-24,-0.0532559343361624
2020-03-25,0.0035256761292873397
2020-03-26,-0.012737047529994015
2020-03-27,0.01840910797084187
2020-03-30,-0.008331327201531744
2020-03-31,0.018497448502399105
2020-04-01,0.012372275446301175
2020-04-02,-0.011491615390113796
2020-04-03,-0.0002185403987538942
2020-04-06,-0.03979677325170068
2020-04-07,0.007452998924268503
2020-04-08,-0.017193658936420553
2020-04-09,0.000521876185894922
2020-04-13,0.016900083370641892
2020-04-14,-0.00929760630596416
2020-04-15,0.018406127503337782
2020-04-16,-0.0054094262824920915
2020-04-17,-0.012971128257321524
2020-04-20,0.009737719013218786
2020-04-21,0.012888412932837337
2020-04-22,-0.005066788834583617
2020-04-23,0.004825275886778196
2020-04-24,-0.0074891809827300915
2020-04-27,-0.00231572994869959
2020-04-28,0.0012358131279128944
2020-04-29,-0.004082267599077843
2020-04-30,0.011939421925063753
2020-05-01,0.012228172152418346
2020-05-04,-0.0008141270772377357
2020-05-05,-0.004165745438362262
2020-05-06,0.001482538837534015
2020-05-07,-0.0024835459637239897
2020-05-08,-0.00020940514101105978
2020-05-11,-0.0004884706725442017
2020-05-12,0.00922728380587992
2020-05-13,0.0009313212344362574
2020-05-14,-0.014836384419587605
2020-05-15,-0.0010599903602589362
2020-05-18,-0.008109334276091451
2020-05-19,0.007986787831380135
2020-05-20,0.0068880527405417915
2020-05-21,0.003951280818869604
2020-05-22,0.0031556811258972566
2020-05-26,-0.0019063451760241747
2020-05-27,-0.004008135513029719
2020-05-28,0.0009841493274614914
2020-05-29,-0.010542240230357876
2020-06-01,0.00420508939387941
2020-06-02,0.0031778537993446716
2020-06-03,0.005312921902856893
2020-06-04,0.013038886684976096
2020-06-05,0.0004009289987399571
2020-06-08,0.014458023051570892
2020-06-09,0.0168071450132626
2020-06-10,0.009798518601988436
2020-06-11,0.005724659174159173
2020-06-12,0.007574231193325521
2020-06-15,0.0006541228317776503
2020-06-16,0.008375090185676393
2020-06-17,0.016062942106384995
2020-06-18,0.002908175184377681
2020-06-19,0.010488034657925029
2020-06-22,-0.010569539298056926
2020-06-23,2.9812398314390306e-05
2020-06-24,0.0089694335837602
2020-06-25,-0.0038144716775035505
2020-06-26,-0.005574584340947708
2020-06-29,-0.006396284405126851
2020-06-30,0.000680706725143948
2020-07-01,0.0018028729671068717
2020-07-02,0.0014937442674861157
2020-07-06,0.0024148372123633435
2020-07-07,-0.0021742006631361895
2020-07-08,-0.003377650602409638
2020-07-09,0.001833396788202581
2020-07-10,0.00020262398777389726
2020-07-13,0.0003698016788804409
2020-07-14,-0.013309208080040527
2020-07-15,0.0030497200778258956
2020-07-16,0.004153454519679254
2020-07-17,-0.0026548751583080035
2020-07-20,-0.0009626334603006002
2020-07-21,0.002268357125014997
2020-07-22,0.000584412238227818
2020-07-23,0.00022879216566965357
2020-07-24,0.002622165245935932
2020-07-27,-0.002434309654674824
2020-07-28,0.006078559085112942
2020-07-29,-0.008008282312539715
2020-07-30,0.0024262714328808447
2020-07-31,-0.009309018362573099
2020-08-03,0.005168043573889503
2020-08-04,0.0024844031311695497
2020-08-05,0.0021863906316235684
2020-08-06,-4.328571428571434e-05
2020-08-07,0.005097593135616819
2020-08-10,0.002588879988206795
2020-08-11,0.008463020016082793
2020-08-12,-0.003558898711687174
2020-08-13,0.0014336371928457819
2020-08-14,-0.001787812351342168
2020-08-17,-0.0012280291300988018
2020-08-18,-0.0023949032421479227
2020-08-19,0.0051751934419381794
2020-08-20,-0.004281045461945462
2020-08-21,-0.0016748465972525606
2020-08-24,-0.00827434121597357
2020-08-25,0.004316069373219374
2020-08-26,-0.0049512811907538295
2020-08-27,-0.0010858328501726704
2020-08-28,0.0010054323775904716
2020-08-31,-0.003962127199133903
2020-09-01,-0.004448437104369306
2020-09-02,-0.007513190057821719
2020-09-03,0.01108781879930715
2020-09-04,0.006432925681970165
2020-09-08,0.011010882014748154
2020-09-09,-0.007002013029621296
2020-09-10,0.005373802164866835
2020-09-11,-0.000773444416411436
2020-09-14,-0.004931075604802796
2020-09-15,0.0002561665778619774
2020-09-16,0.002475361520777056
2020-09-17,0.0041094194402846885
2020-09-18,0.0034723479675470483
2020-09-21,-0.00504076692475376
2020-09-22,-0.004632595171228486
2020-09-23,0.00408484846861417
2020-09-24,-0.0013681099291203759
2020-09-25,-0.006740122427309675
2020-09-28,-0.001755805095098593
2020-09-29,0.007978643122403506
2020-09-30,-0.004019256066175357
2020-10-01,-0.003430569309399152
2020-10-02,0.0015903460440091052
2020-10-05,-0.0060414618784210925
2020-10-06,0.010704096188404425
2020-10-07,-0.0003547385021417399
2020-10-08,-0.002006444888695301
2020-10-09,0.0002014819535958159
2020-10-12,-0.0001239957581138408
2020-10-13,-0.00034871797404901084
2020-10-14,0.00291504375259965
2020-10-15,0.0029572546081791462
2020-10-16,0.0034489987377759857
2020-10-19,0.01582288628547955
2020-10-20,0.0023292437063558674
2020-10-21,0.007414261965123608
2020-10-22,-0.0024061495059755707
2020-10-23,0.0006028801450878489
2020-10-26,0.003159712381500918
2020-10-27,0.0031802622548579573
2020-10-28,0.006514475848604467
2020-10-29,-0.002565626781182901
2020-10-30,-0.00046239446391559136
2020-11-02,-0.006796377023668502
2020-11-03,-0.00477619513765159
2020-11-04,-0.01194703521999116
2020-11-05,-0.003374905088634403
2020-11-06,-0.003633090031897927
2020-11-09,0.007518933548204149
2020-11-10,0.006060659954733774
2020-11-11,-0.0010875016863127447
2020-11-12,0.0028690252923976615
2020-11-13,-0.0016096811810190279
2020-11-16,-0.0016665893381980334
2020-11-17,0.004507900939849625
2020-11-18,0.010563872215422277
2020-11-19,-0.0035148917471192766
2020-11-20,0.00431075266392199
2020-11-23,0.008823637977597054
2020-11-24,0.0057198908250355625
2020-11-25,0.0031353445705794036
2020-11-27,-0.0004633162257100605
2020-11-30,6.135521487277574e-05
2020-12-01,0.001209625943784546
2020-12-02,0.0006226196349001006
2020-12-03,0.0048436113651981845
2020-12-04,0.0014790630751646463
2020-12-07,0.0019782743934313703
2020-12-08,-0.0013085144524790978
2020-12-09,0.0014581964125783666
2020-12-10,0.004366868741673264
2020-12-11,0.001147901891887941
2020-12-14,0.0029383800133876777
2020-12-15,-0.003346649420801989
2020-12-16,-0.000995710121671599
2020-12-17,0.0010062092454125125
2020-12-18,-0.002224615246176063
2020-12-21,0.0011311177764380528
2020-12-22,0.0023158736571178822
2020-12-23,0.004708400716203796
2020-12-24,0.0007904550892884146
2020-12-28,0.008116772368467298
2020-12-29,0.003923655949329503
2020-12-30,0.002456421184308266
2020-12-31,-0.0002332771519301096
2021-01-04,0.006932691317697672
2021-01-05,0.0022554224221419377
2021-01-06,-0.0031754602845471087
2021-01-07,-0.0013472320687983302
2021-01-08,0.0033069714785322665
2021-01-11,0.0012233211136699835
2021-01-12,0.004801038120175528
2021-01-13,0.005801100182710489
2021-01-14,0.0042911030584277515
2021-01-15,0.002478215699305862
2021-01-19,0.0024687799398943003
2021-01-20,-0.0020238676672063765
2021-01-21,0.0035270192277992276
2021-01-22,0.0036663877809332357
2021-01-25,-0.00015073925181173487
2021-01-26,0.007058632054397721
2021-01-27,0.0013861828022949524
2021-01-28,-0.0042048330913630645
2021-01-29,0.007173289979775695
2021-02-01,-0.0018164842089041268
2021-02-02,-0.002609177240509632
2021-02-03,0.005853590082137624
2021-02-04,-0.0019706512173046416
2021-02-05,0.008731472511670096
2021-02-08,0.007795470814542502
2021-02-09,0.006620718775829558
2021-02-10,0.0011671342179576615
2021-02-11,-0.00032444937119539764
2021-02-12,0.0003645003471371387
2021-02-16,0.016378273065298658
2021-02-17,0.002460941250742721
2021-02-18,-0.0025724910792709697
2021-02-19,0.0005231506981580522
2021-02-22,0.006734095206684257
2021-02-23,-0.015378382090388694
2021-02-24,0.004268918788279091
2021-02-25,0.0025060245098039204
2021-02-26,-0.006164423700345595
2021-03-01,-0.005605233382188261
2021-03-02,0.004326867997726818
2021-03-03,0.009853478659582757
2021-03-04,-0.003843014452153074
2021-03-05,-0.004687410390633794
2021-03-08,0.009878888039757922
2021-03-09,-0.006015714462838226
2021-03-10,0.0009760805508223971
2021-03-11,-0.00039380435947618947
2021-03-12,0.0011410938590346686
2021-03-15,-0.00023776777594509708
2021-03-16,0.003228555869568143
2021-03-17,-0.0016046842797051261
2021-03-18,0.00893870512736062
2021-03-19,-0.0005847222177722154
2021-03-22,-0.003916767855736672
2021-03-23,-0.00266376863473612
2021-03-24,0.001454008152903679
2021-03-25,-0.005761125898432187
2021-03-26,-0.0048550164958908685
2021-03-29,-0.0003444218949762469
2021-03-30,-0.0013578178403252684
2021-03-31,0.002062542299495992
2021-04-01,-0.00024788054187192127
2021-04-05,0.0005708775443510738
2021-04-06,-0.0014132271419363745
2021-04-07,0.002728571412063022
2021-04-08,-0.0017145418263090672
2021-04-09,-0.0016631970459924815
2021-04-12,-0.002509554710304159
2021-04-13,-0.003924110159931648
2021-04-14,0.003542048046176449
2021-04-15,-0.004319099436440222
2021-04-16,-0.0015483134068717298
2021-04-19,0.0026056511253596377
2021-04-20,3.26202170094457e-05
2021-04-21,-0.004888977009896402
2021-04-22,0.005460664568286181
2021-04-23,-0.003529010936204646
2021-04-26,-9.678334629238238e-05
2021-04-27,0.0016110560216636407
2021-04-28,0.0008194352943344021
2021-04-29,0.0004592945081161297
2021-04-30,9.150813844252103e-05
2021-05-03,0.003824150709572363
2021-05-04,-0.0018636643385334661
2021-05-05,0.0030523807513503517
2021-05-06,-0.0006368470355731225
2021-05-07,-0.0015725601063658855
2021-05-10,0.003982986816464195
2021-05-11,-0.00019021360718870367
2021-05-12,0.0062954165216715895
2021-05-13,-0.004072261745827985
2021-05-14,-0.006074029021015774
2021-05-17,0.0008251032392444157
2021-05-18,0.0047307547709014705
2021-05-19,0.0005291181489621485
2021-05-20,-0.0036139724010765964
2021-05-21,0.0024785485856312437
2021-05-24,-0.002052957675213675
2021-05-25,-0.0009675124345148672
2021-05-26,0.0009068256035568061
2021-05-27,-0.0005328301713586293
2021-05-28,0.00018873681871603974
2021-06-01,0.0024254339719029377
2021-06-02,5.3199524117538734e-05
2021-06-03,0.004349808498896247
2021-06-04,-0.0010748450664859006
2021-06-07,0.0029237896413848684
2021-06-08,-0.0005881564601352512
2021-06-09,0.00493589748437416
2021-06-10,0.00011533841590333129
2021-06-11,-0.0028594667814417513
2021-06-14,0.000628451997293699
2021-06-15,-0.00031475859744289946
2021-06-16,0.0036761262460617305
2021-06-17,0.0013847843275020377
2021-06-18,0.004314817909574834
2021-06-21,-0.008817098814447201
2021-06-22,-0.002537379321385902
2021-06-23,0.003131903952555502
2021-06-24,-0.0014916352114179516
2021-06-25,0.00013513660538246128
2021-06-28,0.0004391129378226152
2021-06-29,-0.0007294188772546276
2021-06-30,-0.000333768756848107
2021-07-01,-0.00030261204876989986
2021-07-02,-0.0014244535339827905
2021-07-06,0.0022026589027447025
2021-07-07,-0.001783812434977209
2021-07-08,0.0023951963294077576
2021-07-09,-0.00425914963815602
2021-07-12,0.0025863421172410716
2021-07-13,0.0010152177285426504
2021-07-14,0.0008534645931310733
2021-07-15,-0.001194799996928275
2021-07-16,0.0019799984838659874
2021-07-19,0.005002242313085837
2021-07-20,-0.009663395819028
2021-07-21,-0.001218905356448162
2021-07-22,0.0024983643789203216
2021-07-23,-0.006851409332884097
2021-07-26,-0.0013736700674117331
2021-07-27,-0.002682580552378493
2021-07-28,-0.0004595612757148813
2021-07-29,-0.0020488437255183215
2021-07-30,0.0009210496265778731
2021-08-02,0.0010431744072451755
2021-08-03,-0.004285692072161408
2021-08-04,0.0021800125540845203
2021-08-05,-0.004988895959707586
2021-08-06,-5.213173853165661e-06
2021-08-09,-0.0010665208142510178
2021-08-10,-0.002564961885276382
2021-08-11,-0.0028167834993876907
2021-08-12,-0.0009069757777585902
2021-08-13,-0.0019426144702249983
2021-08-16,-0.0002839708185820183
2021-08-17,0.0005985556496729376
2021-08-18,0.005356467539800229
2021-08-19,0.0013340585629284703
2021-08-20,-0.0035213726900701426
2021-08-23,-0.0032280749235116197
2021-08-24,-0.0037426383381691615
2021-08-25,-0.0012993417729994599
2021-08-26,0.005406266178266178
2021-08-27,-0.004776942006269593
2021-08-30,0.0036023558275058275
2021-08-31,0.0010315570975991681
2021-09-01,0.0014108530366116296
2021-09-02,-0.002628753292586809
2021-09-03,0.0020018246720947446
2021-09-07,0.004716922521723583
2021-09-08,0.0007818373571428575
2021-09-09,0.0014194866546112113
2021-09-10,0.0024040926099185797
2021-09-13,-0.00040517125197415634
2021-09-14,0.0006391700645161291
2021-09-15,-0.005457135805558528
2021-09-16,-0.0005931059668119528
2021-09-17,0.004939919770242727
2021-09-20,0.0015340789253731335
2021-09-21,0.0026567612683647103
2021-09-22,-0.003675659124862167
2021-09-23,-0.0030370749062694153
2021-09-24,0.0005992477485062711
2021-09-27,0.00054243537431779
2021-09-28,0.00465757701829995
2021-09-29,0.0007072505047785706
2021-09-30,0.0062659648611928295
2021-10-01,-0.003961103325465615
2021-10-04,0.003116440805052371
2021-10-05,-0.0038740328114495372
2021-10-06,-0.004945678219035361
2021-10-07,-0.0026543028994369276
2021-10-08,0.0019755411708745406
2021-10-11,0.0021779038003087166
2021-10-12,-0.0012497518367899211
2021-10-13,-0.0008497387485258056
2021-10-14,-0.007557540598284457
2021-10-15,-0.0013438857606031594
2021-10-18,-0.003192401000513801
2021-10-19,-0.0032262375233897338
2021-10-20,-0.0015544655210340615
2021-10-21,-0.0038889942054632504
2021-10-22,-0.0023831221790409757
2021-10-25,-0.0015991697367507417
2021-10-26,0.001476089113273518
2021-10-27,0.005373020556477197
2021-10-28,-0.005390085272776908
2021-10-29,-0.0012562685287994446
2021-11-01,-0.0002180215801808943
2021-11-02,-0.001067529170319821
2021-11-03,0.0006487589328015332
2021-11-04,0.00023233075544959602
2021-11-05,-0.0005219867011054223
2021-11-08,-0.0003442011863501052
2021-11-09,-0.0012112476029028552
2021-11-10,0.004399627748961084
2021-11-11,-0.0022333944590740952
2021-11-12,-0.002555388927450725
2021-11-15,-0.0007573658612824197
2021-11-16,-0.0018900576626932073
2021-11-17,0.002873175613972716
2021-11-18,-0.000997086363141008
2021-11-19,0.0016003946012473824
2021-11-22,0.0005057901520158625
2021-11-23,-0.0019266923049010931
2021-11-24,0.000340713648485755
2021-11-26,0.004284386293923177
2021-11-29,-0.003852164859392576
2021-11-30,0.009005318988636143
2021-12-01,0.00901557260755325
2021-12-02,-0.015174656100280067
2021-12-03,0.0013422810339417824
2021-12-06,-0.005528798923826778
2021-12-07,-0.005426172214673916
2021-12-08,0.001933297947883713
2021-12-09,0.0040485947172085755
2021-12-10,-0.0008226471835453605
2021-12-13,0.0002930252385108592
2021-12-14,-0.00035735722062892484
2021-12-15,-0.004515366232748487
2021-12-16,0.004284388563009474
2021-12-17,0.0024930139275843393
2021-12-20,0.0027771070608534985
2021-12-21,-0.008454330550768592
2021-12-22,-0.0016008108696546897
2021-12-23,-0.0003871610051173653
2021-12-27,-0.005212108151367395
2021-12-28,0.0006815552346167788
2021-12-29,-0.0016850059316997664
2021-12-30,0.0017730800461104707
2021-12-31,0.002675916483090718
2022-01-03,0.0031967322305403905
2022-01-04,0.0010481712530495471
2022-01-05,0.010913307722882465
2022-01-06,-0.0028961991012709234
2022-01-07,0.002113570870758906
2022-01-10,-0.0014384071677464656
2022-01-11,-0.004270994933066771
2022-01-12,0.0013809539076529312
2022-01-13,0.0046909928097345135
2022-01-14,0.00014174331858407075
2022-01-18,0.008091462850844345
2022-01-19,0.004998402275290648
2022-01-20,0.004077215654003884
2022-01-21,0.006357281045452166
2022-01-24,-0.013434333000081098
2022-01-25,0.008956031883577978
2022-01-26,0.004247824829816201
2022-01-27,0.004178573019460539
2022-01-28,-0.013489034043209207
2022-01-31,-0.009719515099752815
2022-02-01,-0.0006461668576925039
2022-02-02,0.000694812187560147
2022-02-03,0.006126741027472012
2022-02-04,-0.002009102337487774
2022-02-07,0.0007092765486252846
2022-02-08,-0.0031110511275422
2022-02-09,-0.007724318877420087
2022-02-10,0.00854458656014936
2022-02-11,0.004807662522528357
2022-02-14,0.0011675290054529198
2022-02-15,-0.004127266899099187
2022-02-16,0.00047751281651503726
2022-02-17,0.0073686233266696734
2022-02-18,-0.0008345540011668049
2022-02-22,0.002275903636564663
2022-02-23,0.011046727177196548
2022-02-24,-0.010915521355705376
2022-02-25,-0.007156465385202888
2022-02-28,0.001942403625632489
2022-03-01,0.008428670514141347
2022-03-02,-0.007971818624336983
2022-03-03,0.0010147438284355574
2022-03-04,0.003236132567513099
2022-03-07,0.014417665115448675
2022-03-08,0.0024162072285095603
2022-03-09,-0.007562932073912676
2022-03-10,0.002367648776418243
2022-03-11,0.0036492309058138526
2022-03-14,-0.005863574370356301
2022-03-15,-0.011484544163208515
2022-03-16,-0.0029088068954483647
2022-03-17,0.0003900895754888282
2022-03-18,0.004424836114357733
2022-03-21,-0.0002753807588918066
2022-03-22,0.003471209721324484
2022-03-23,0.008479329553182346
2022-03-24,-0.003202963938739446
2022-03-25,-0.005456145042219542
2022-03-28,-0.004991543077644119
2022-03-29,-0.005009387042361511
2022-03-30,0.004709937255561914
2022-03-31,0.0037501431995230518
2022-04-01,-0.0035503420872845925
2022-04-04,0.0010466635078109502
2022-04-05,0.004829860220113457
2022-04-06,-0.002180835583891363
2022-04-07,-0.0039105903623988005
2022-04-08,-0.002095721301120482
2022-04-11,-0.0007434601845522915
2022-04-12,0.0003675011287298151
2022-04-13,-0.005962787538977315
2022-04-14,0.00176652525355157
2022-04-18,-0.0027727470617537634
2022-04-19,-0.007133641299277971
2022-04-20,-0.0007051047787026731
2022-04-21,0.00534921781891552
2022-04-22,0.008101340808250387
2022-04-25,-0.006715304184644888
2022-04-26,0.006551062029157593
2022-04-27,-0.003226976957976085
2022-04-28,-0.008921203804102289
2022-04-29,0.015715675989601795
2022-05-02,-0.0047737538619225415
2022-05-03,-0.004178044099594673
2022-05-04,-0.012676788383850508
2022-05-05,0.007157235735381361
2022-05-06,0.0016309133160828018
2022-05-09,0.0038978547495344303
2022-05-10,-0.0008077741645726216
2022-05-11,-0.0024422891519762877
2022-05-12,-0.00521400350703512
2022-05-13,-0.005990521040428333
2022-05-16,0.002518688023952096
2022-05-17,-0.00505069611379156
2022-05-18,0.01433686549741231
2022-05-19,-9.338557079598825e-06
2022-05-20,-0.001619209133529035
2022-05-23,-0.005030869791423154
2022-05-24,-0.0002575631324409026
2022-05-25,-0.006157880008366271
2022-05-26,-0.005548003843643968
2022-05-27,-0.009179215713036903
2022-05-31,0.00791355312354896
2022-06-01,0.0040906293040293045
2022-06-02,-0.007016777387710964
2022-06-03,0.004867347338935573
2022-06-06,0.0008356297649809281
2022-06-07,-0.005343569098553463
2022-06-08,0.00824194216101695
2022-06-09,0.008907671412446834
2022-06-10,0.0064416876542701985
2022-06-13,0.006941114424904096
2022-06-14,-0.001079360109683937
2022-06-15,-0.0036940394739295793
2022-06-16,0.011432661904006436
2022-06-17,0.0016846315909894273
2022-06-21,-0.005891938467844438
2022-06-22,0.0008325848412759317
2022-06-23,-0.002299069335316999
2022-06-24,-0.011016912087239764
2022-06-27,0.003028406576583446
2022-06-28,0.00532321022718648
2022-06-29,0.00041132154923553994
2022-06-30,0.003391430539943798
2022-07-01,-0.00560636632262843
2022-07-05,0.0030113634947561713
2022-07-06,8.240731011824494e-05
2022-07-07,-0.0013628548075131416
2022-07-08,0.004499470758540822
2022-07-11,0.0017649190476190478
2022-07-12,0.0012955971264321884
2022-07-13,0.0025712035295283706
2022-07-14,0.002054272073671479
2022-07-15,-0.009368377233361837
2022-07-18,-0.0006550946936537164
2022-07-19,-0.008397226402734036
2022-07-20,-0.0011240739200318811
2022-07-21,0.0018633886873733853
2022-07-22,0.0005690683901621741
2022-07-25,-0.002794345159173999
2022-07-26,0.0007435128430550268
2022-07-27,-0.006099823978211825
2022-07-28,-0.004914083746010928
2022-07-29,-0.0029858758357775893
2022-08-01,0.006549882165827077
2022-08-02,0.00761363253968254
2022-08-03,-4.3091198693077926e-05
2022-08-04,0.0062120113316964
2022-08-05,0.0012588809159665623
2022-08-08,-0.0001006297616630192
2022-08-09,-0.003588213836992909
2022-08-10,-0.007023477607003295
2022-08-11,-0.0010446172476355911
2022-08-12,-0.004062580098545848
2022-08-15,0.0035388169075712145
2022-08-16,-0.0030117822999264285
2022-08-17,0.002428968420823789
2022-08-18,-0.0023918617929489356
2022-08-19,0.0013189694252568173
2022-08-22,0.004126251617109836
2022-08-23,0.0017112712571189011
2022-08-24,-0.00044543343260044794
2022-08-25,-0.0046665124341009525
2022-08-26,0.0072522677511648835
2022-08-29,0.0008681765452095268
2022-08-30,0.0012213030688423207
2022-08-31,0.003823261219893484
2022-09-01,-0.003730086281541673
2022-09-02,0.0020641956719472444
2022-09-06,-0.0013530747923995437
2022-09-07,-0.008041602402840757
2022-09-08,-0.00501297498872269
2022-09-09,-0.002542483154650164
2022-09-12,-0.004281522379040143
2022-09-13,0.011063876308887471
2022-09-14,-0.0040363255731922405
2022-09-15,0.003958122490291293
2022-09-16,0.0007654849617022893
2022-09-19,-0.008933711944001417
2022-09-20,0.0031312272357492867
2022-09-21,0.005739483552853765
2022-09-22,-0.0015894778439153445
2022-09-23,-0.0019606869300383967
2022-09-26,0.004864671832988339
2022-09-27,-0.00038098040805450864
2022-09-28,-0.009319628311362207
2022-09-29,0.003970847941108812
2022-09-30,0.0030340015996389537
2022-10-03,-0.008352715096159643
2022-10-04,-0.014251219117868433
2022-10-05,0.002447920840760098
2022-10-06,0.010178169649167899
2022-10-07,0.005885919957389688
2022-10-10,0.003096690482887951
2022-10-11,-0.0015294177422531842
2022-10-12,0.0020608995900752293
2022-10-13,-0.010321361866843615
2022-10-14,0.01147551192513065
2022-10-17,-0.009894353261304525
2022-10-18,-0.005533579009361808
2022-10-19,0.0038992089264213298
2022-10-20,0.0036270877598060273
2022-10-21,-0.010839915715422878
2022-10-24,-0.0064185834206097
2022-10-25,-0.007354716118842109
2022-10-26,0.0006374403130039348
2022-10-27,0.0005846585090703249
2022-10-28,-0.009226414658398376
2022-10-31,-1.1277836879432582e-05
2022-11-01,0.0015281670472163493
2022-11-02,0.009195100126016728
2022-11-03,0.00037210682377215865
2022-11-04,-0.004221205128958948
2022-11-07,-0.0037835762182906758
2022-11-08,-0.005291363975770012
2022-11-09,0.00021989420530191608
2022-11-10,-0.02019223840184325
2022-11-11,-0.0019262701432933987
2022-11-14,0.005767396604839881
2022-11-15,-0.005283806115795104
2022-11-16,0.003556451713420214
2022-11-17,-0.0007291957963267036
2022-11-18,-0.0039509458188446665
2022-11-21,-0.0022551744252703155
2022-11-22,-0.008518080409691172
2022-11-23,-0.001312319906300946
2022-11-25,0.0010792095217613776
2022-11-28,0.004292590190689212
2022-11-29,-0.0007849892036935558
2022-11-30,-0.00887562539123228
2022-12-01,0.002234707324509127
2022-12-02,0.0030162424414303325
2022-12-05,0.008517067835565245
2022-12-06,-1.3493012341049895e-05
2022-12-07,-0.0007291380439838228
2022-12-08,-0.0038820443006451766
2022-12-09,0.008519775040444672
2022-12-12,-0.0038709691686621903
2022-12-13,-0.0026204361504847586
2022-12-14,-0.0007213380317977244
2022-12-15,0.0049954050587165694
2022-12-16,0.006404784954304953
2022-12-19,-0.0032799972821742594
2022-12-20,-0.002540496470512324
2022-12-21,-0.006658622228674668
2022-12-22,0.0027881451160939007
2022-12-23,-0.002244188039958936
2022-12-27,-0.0004506454226134895
2022-12-28,-0.000830857311236749
2022-12-29,0.0008943721472005062
2022-12-30,0.003593819761055433
2023-01-03,0.011244536811522831
2023-01-04,0.005117459031243048
2023-01-05,0.010599341063893913
2023-01-06,-0.005460006272923245
2023-01-09,0.005815946616982498
2023-01-10,0.000810778935646345
2023-01-11,0.0002221195949979344
2023-01-12,0.0060094497432865695
2023-01-13,0.006876646564530275
2023-01-17,0.005924245306403716
2023-01-18,0.004509753480812803
2023-01-19,0.005221101193099642
2023-01-20,-0.004229359143435741
2023-01-23,-0.0028489289041663908
2023-01-24,0.0021187890567532395
2023-01-25,-0.00024240877664133474
2023-01-26,-0.0014087028974200952
2023-01-27,0.0010994982980972521
2023-01-30,0.004309301276058532
2023-01-31,-0.005086554856879326
2023-02-01,0.005834017857188591
2023-02-02,0.004134458164504395
2023-02-03,0.0058473167954258744
2023-02-06,0.00348076135471053
2023-02-07,0.0003676517475861077
2023-02-08,0.00013654161848054933
2023-02-09,-0.003362858660998937
2023-02-10,-0.0077315127510627
2023-02-13,-0.007930674061882902
2023-02-14,0.0004507107824123273
2023-02-15,-0.0032269315639800603
2023-02-16,0.0007684742788401089
2023-02-17,0.003519898817005346
2023-02-21,0.0031502229583716783
2023-02-22,-0.0014623201601011166
2023-02-23,0.0004915355074773553
2023-02-24,-0.004713247966554132
2023-02-27,-0.0003707365904912002
2023-02-28,0.005044667274840683
2023-03-01,-0.001735157469491621
2023-03-02,-0.0022898908310933297
2023-03-03,-0.0046856216751289025
2023-03-06,0.0013527296534920717
2023-03-07,0.005115459407421828
2023-03-08,-0.002044393712208337
2023-03-09,0.0054498095164192285
2023-03-10,0.00025284552485528057
2023-03-13,-0.0016757299958193436
2023-03-14,-0.005621499511967522
2023-03-15,-0.002167773675716479
2023-03-16,-0.002105836687049417
2023-03-17,0.0038128265516832478
2023-03-20,-0.008380833660548145
2023-03-21,-0.002227237647598305
2023-03-22,0.009858677131331001
2023-03-23,0.0014140459118034566
2023-03-24,-0.0038826743727008177
2023-03-27,-0.007330504241762675
2023-03-28,-0.005281038587693744
2023-03-29,-0.002123778342458263
2023-03-30,-0.002340205147629779
2023-03-31,-0.005918031411150477
2023-04-03,-0.002119495847353931
2023-04-04,0.005603495367531848
2023-04-05,0.0014962896675421184
2023-04-06,-0.00022001441139640147
2023-04-10,-0.001280451801750744
2023-04-11,-0.002815106595207799
2023-04-12,0.0034638774211606643
2023-04-13,0.0031144125977513905
2023-04-14,0.002227602387709275
2023-04-17,-0.0011592066512712135
2023-04-18,0.001054227073380628
2023-04-19,-0.0005949193855653849
2023-04-20,-0.0005809688676552916
2023-04-21,-0.003174719239495913
2023-04-24,-0.0032303589279045726
2023-04-25,0.006546843439686109
2023-04-26,0.004165858673371341
2023-04-27,-0.00875210305088276
2023-04-28,0.0030339476579095684
2023-05-01,0.0072345308209516655
2023-05-02,0.006424435665976211
2023-05-03,0.006969207463589259
2023-05-04,0.004842652056740495
2023-05-05,-0.005777606853872661
2023-05-08,-0.002496711352894905
2023-05-09,-0.00013873265614840593
2023-05-10,0.002627609542897192
2023-05-11,-0.002358995878099965
2023-05-12,-0.004695770617349691
2023-05-15,-0.003112297767445534
2023-05-16,0.005604309015605718
2023-05-17,-0.00559669723758845
2023-05-18,-0.002237802725424265
2023-05-19,0.002150879251806521
2023-05-22,0.0007261174927005952
2023-05-23,0.0058458367718876815
2023-05-24,0.005116255513752663
2023-05-25,-0.0010083141948101625
2023-05-26,-0.003344441297173803
2023-05-30,0.0011708112887807423
2023-05-31,0.0005992998789479476
2023-06-01,-0.0010526728213625823
2023-06-02,-0.004869335353582084
2023-06-05,-0.0002250441578652263
2023-06-06,-0.0005733324484501773
2023-06-07,-0.0016832633312320012
2023-06-08,0.003617308920610864
2023-06-09,-0.002069422472550293
2023-06-12,0.002187053567267812
2023-06-13,-0.005689800712235709
2023-06-14,-0.0018121536945375567
2023-06-15,-0.002331651678870639
2023-06-16,0.002490836152156658
2023-06-20,0.00043377310886679767
2023-06-21,-0.0011127063238350566
2023-06-22,0.0013800510653859954
2023-06-23,-0.0014665341324736382
2023-06-26,-0.004951878619616537
2023-06-27,-0.005281043371405165
2023-06-28,-0.0019905593843999305
2023-06-29,-0.00037388893308857706
2023-06-30,-0.002392253688218513
2023-07-03,0.0034962998414820893
2023-07-05,-9.402289840918995e-05
2023-07-06,0.0016743075168827986
2023-07-07,0.0015030883743365818
2023-07-10,-0.0052397755001177965
2023-07-11,-0.004575461619753035
2023-07-12,-0.00048103825315996915
2023-07-13,-0.0011661972948835177
2023-07-14,0.002508131437132825
2023-07-17,-0.0006965821278789221
2023-07-18,-0.0007985437082224673
2023-07-19,-0.0031649294128848074
2023-07-20,-0.0010099604397368006
2023-07-21,-0.002745313091534305
2023-07-24,-0.0010417559419594676
2023-07-25,-0.0036626738729713484
2023-07-26,0.0018407851694055588
2023-07-27,0.004320725041906864
2023-07-28,0.000764225394712225
2023-07-31,-0.0026369726897120718
2023-08-01,-0.0004895513032555227
2023-08-02,0.003831932773815161
2023-08-03,0.0026445814886601957
2023-08-04,0.0021664486025987422
2023-08-07,-0.006701586725988466
2023-08-08,0.00047671621451394683
2023-08-09,4.393036116396871e-05
2023-08-10,0.0006899112885813224
2023-08-11,-0.00370123433538175
2023-08-14,-0.003714636019065521
2023-08-15,0.0028912208463685845
2023-08-16,-0.0003356714415702596
2023-08-17,0.002435774680083095
2023-08-18,-0.0032531304261752703
2023-08-21,-0.001436333406089265
2023-08-22,0.0008744710205215462
2023-08-23,-0.006544760852120062
2023-08-24,0.004716246972551129
2023-08-25,-0.005225235985865448
2023-08-28,-0.0034659986411865852
2023-08-29,-0.004120553318303985
2023-08-30,0.0011999375235424163
2023-08-31,-0.000862076632689477
2023-09-01,-0.004085514577354147
2023-09-05,0.005395282457160991
2023-09-06,-0.0012054190771386558
2023-09-07,-0.0004429778496168584
2023-09-08,-0.0003850202040729014
2023-09-11,-0.00048578924763033196
2023-09-12,-0.0017020529741379312
2023-09-13,-0.0004912203575466365
2023-09-14,-0.005592142267394732
2023-09-15,0.007468115464994775
2023-09-18,0.0017855829397187151
2023-09-19,-0.00014618908028150943
2023-09-20,0.0013756856213402737
2023-09-21,0.0058393519618734815
2023-09-22,-0.0006299231775881463
2023-09-25,-0.004890664623418903
2023-09-26,0.005540612725791117
2023-09-27,-0.006015053260093011
2023-09-28,-0.005981072777862904
2023-09-29,0.003645652323815166
2023-10-02,0.004456497719001486
2023-10-03,0.002462291372569269
2023-10-04,-0.0051584954424218005
2023-10-05,-0.0022123529429185053
2023-10-06,-0.003921093744564509
2023-10-09,-0.005586797040476998
2023-10-10,-0.004242548912034003
2023-10-11,-0.0017755228459125345
2023-10-12,0.006431435295596985
2023-10-13,0.0004917560922398933
2023-10-16,-0.010114754360267701
2023-10-17,-0.001035209105230344
2023-10-18,0.005849529003590058
2023-10-19,0.0014959734372834363
2023-10-20,0.0017536307018536854
2023-10-23,-0.0018275030927835047
2023-10-24,-0.0020914802481637297
2023-10-25,0.00264101214889308
2023-10-26,-0.0034702875857487506
2023-10-27,0.002984930939051296
2023-10-30,-0.004199622882192538
2023-10-31,-0.004206827089557424
2023-11-01,-0.001587184244163297
2023-11-02,-0.0068817170119256695
2023-11-03,-0.004389220795838204
2023-11-06,0.0030670183031284272
2023-11-07,-0.0006066025175466986
2023-11-08,0.00030766106908056883
2023-11-09,-0.0021667716502356896
2023-11-10,-0.006843085623388659
2023-11-13,-0.0011526320446276982
2023-11-14,-0.00967953199746289
2023-11-15,-0.0022943045051408836
2023-11-16,0.0019911796039122982
2023-11-17,0.0010452512048073782
2023-11-20,0.0014038766845003948
2023-11-21,0.0006799839354635386
2023-11-22,-0.0012933354800936762
2023-11-24,0.0028301377590950055
2023-11-27,0.00014144565886699506
2023-11-28,0.003933478045050056
2023-11-29,-0.0001975622275840602
2023-11-30,-0.001665414472393841
2023-12-01,-0.0009854570168726581
2023-12-04,0.0013043395928664814
2023-12-05,0.003923423485524495
2023-12-06,-0.0005548791663175096
2023-12-07,-0.0035606529124580866
2023-12-08,-0.00045655960969197664
2023-12-11,-0.007523120775765497
2023-12-12,-0.007567710342745294
2023-12-13,-0.006230114614874301
2023-12-14,-0.002809814884411503
2023-12-15,0.0002134964097722479
2023-12-18,-0.0014807907016761205
2023-12-19,-0.0023427371213426695
2023-12-20,0.007753160866323194
2023-12-21,-0.003164493457889661
2023-12-22,0.0018471337078622288
2023-12-26,0.0019293212111562855
2023-12-27,0.0016627723955066434
2023-12-28,0.002309221164338188
2023-12-29,0.005315855496175338
2024-01-02,0.004323505183692541
2024-01-03,0.002887395949894782
2024-01-04,0.0032770416456696806
2024-01-05,-0.002678202207466356
2024-01-08,-0.004714659060645579
2024-01-09,0.003523659622813862
2024-01-10,-0.0003318990917183888
2024-01-11,-0.0010755366131907312
2024-01-12,0.0011289085548486148
2024-01-16,-0.0011153415597663129
2024-01-17,-0.0027047356010505338
2024-01-18,-0.0029314294007186433
2024-01-19,-0.007966319871244913
2024-01-22,0.0008980216126119865
2024-01-23,0.001680195588826367
2024-01-24,0.004027070288394998
2024-01-25,-0.008583347565260748
2024-01-26,0.0029675178553093618
2024-01-29,-0.0024309671204164928
2024-01-30,-0.0030931187262471706
2024-01-31,0.0045175298596682786
2024-02-01,-0.006727895045270626
2024-02-02,0.00039602723815975317
2024-02-05,-0.0020435971864006487
2024-02-06,-0.0007953725298042039
2024-02-07,-0.0031292870676346615
2024-02-08,-0.0011537312553874884
2024-02-09,0.0021775410936687094
2024-02-12,-0.0017468821554894247
2024-02-13,0.007585070270521358
2024-02-14,0.003618770322427101
2024-02-15,0.0006664330414842615
2024-02-16,0.008883554578973135
2024-02-20,-0.0005793397020627594
2024-02-21,-0.0029945722727272727
2024-02-22,-0.005529110326260658
2024-02-23,-0.006872557692307693
2024-02-26,0.0035276485236047962
2024-02-27,-0.0016297410798432775
2024-02-28,-0.0011932945012076267
2024-02-29,-0.0006858081584914981
2024-03-01,-0.0008717385560729407
2024-03-04,-0.0027427243702855893
2024-03-05,0.0007961903018853063
2024-03-06,-0.0030644037780963645
2024-03-07,2.828076182652059e-06
2024-03-08,0.0021273399210673554
2024-03-11,0.003929286214915297
2024-03-12,-0.006155383165699549
2024-03-13,-0.004449592907801419
2024-03-14,0.0004438202630392598
2024-03-15,0.002770963398778042
2024-03-18,0.0003725008173771109
2024-03-19,-0.0024390803418803415
2024-03-20,0.0024145173321569492
2024-03-21,-0.0014541376678876678
2024-03-22,0.004128145728861134
2024-03-25,-0.003393524668946563
2024-03-26,-0.000698791428247399
2024-03-27,-0.003007435751154577
2024-03-28,0.0018184052926122048
2024-04-01,0.005677472006363428
2024-04-02,0.0035177357895585237
2024-04-03,-0.0009761516265176922
2024-04-04,0.006226052590398907
2024-04-05,-0.0030329687472824282
2024-04-08,0.0005489005457063852
2024-04-09,-0.0018024137086594292
2024-04-10,0.0038010938422759263
2024-04-11,0.0016152774611452102
2024-04-12,0.00035762721702259706
2024-04-15,-0.0017707765221460243
2024-04-16,-0.0020349611321329713
2024-04-17,-0.00035886781740905897
2024-04-18,0.003822039589821457
2024-04-19,-0.0036721608885154377
2024-04-22,-0.00034333796125852155
2024-04-23,-0.0022585571422139615
2024-04-24,-0.001233528861645873
2024-04-25,-0.00034149695194373277
2024-04-26,0.0003823853071216253
2024-04-29,-0.00010726742504456321
2024-04-30,0.009573391113489394
2024-05-01,0.005063002100277058
2024-05-02,-0.0028077684149930473
2024-05-03,-0.0036619588585017843
2024-05-06,-0.003822385544490844
2024-05-07,0.0027548955755104096
2024-05-08,0.0019217475897540617
2024-05-09,-0.004106246118826863
2024-05-10,-0.0028331918226381465
2024-05-13,0.000928993237799811
2024-05-14,-0.0009858879144385023
2024-05-15,-0.0032191085955380104
2024-05-16,0.005151838782884392
2024-05-17,0.007084159524018897
2024-05-20,0.003420841257171679
2024-05-21,0.003219468293753793
2024-05-22,0.0003740258947548718
2024-05-23,0.0014662133869625012
2024-05-24,-0.00047923872837796633
2024-05-28,0.004878253526698964
2024-05-29,0.002288652911968646
2024-05-30,-0.000981915347739624
2024-05-31,-0.0062200317682855576
2024-06-03,0.007092108776823827
2024-06-04,0.003182404916033399
2024-06-05,-0.00393451975752607
2024-06-06,-0.0001260916764361078
2024-06-07,-0.004421780505935449
2024-06-10,-0.004565475920658399
2024-06-11,0.004344270524497588
2024-06-12,0.00011778201207117683
2024-06-13,-0.0007165776390659793
2024-06-14,0.002912499664427402
2024-06-17,-0.007758788800786773
2024-06-18,-0.00497681139525855
2024-06-20,-0.0026549369973107475
2024-06-21,-0.0011686973173327926
2024-06-24,-0.0029598970541653466
2024-06-25,-0.002164518607209395
2024-06-26,0.004265491016812219
2024-06-27,-0.0011274843054789045
2024-06-28,-0.0006560477126273367
2024-07-01,0.0029284955878032593
2024-07-02,-0.008153424082846755
2024-07-03,0.003075932765849699
2024-07-05,0.0007995433963265419
2024-07-08,-0.001188065164183956
2024-07-09,0.0018207566467447565
2024-07-10,-0.0009587980463132842
2024-07-11,0.00023012307481932136
2024-07-12,0.0025203850983179336
2024-07-15,-0.0018985405794158462
2024-07-16,-0.00469085970938956
2024-07-17,0.006585553325114442
2024-07-18,0.0018390922406057147
2024-07-19,-0.0009108705128601296
2024-07-22,-0.006346699205584978
2024-07-23,0.004012607369497946
2024-07-24,0.0023465373650182267
2024-07-25,-0.002496366924665117
2024-07-26,-0.0025452282843219202
2024-07-29,0.0003096668647104344
2024-07-30,-0.005407673164310736
2024-07-31,-0.00305667071562627
2024-08-01,0.0033926910560846766
2024-08-02,-0.0024205426515563414
2024-08-05,-0.005291268064681231
2024-08-06,-0.0014664592769602506
2024-08-07,0.003091338452528936
2024-08-08,-0.013314119279877896
2024-08-09,-0.0015293096175240228
2024-08-12,0.002931346967631167
2024-08-13,-0.0026033591043256223
2024-08-14,-0.0018200178357889037
2024-08-15,-0.009665875914035914
2024-08-16,-0.00034557947968659334
2024-08-19,0.0019546263956969154
2024-08-20,0.005149144962633715
2024-08-21,-0.002813589623930467
2024-08-22,0.004968677492361518
2024-08-23,-0.00389168722201454
2024-08-26,0.0028988851093421893
2024-08-27,0.0007365817005388381
2024-08-28,-0.003655494199300233
2024-08-29,0.0005284108740369747
2024-08-30,-0.004226886818950446
2024-09-03,0.0038383336504985606
2024-09-04,0.001068238627796848
2024-09-05,0.0027633289492841545
2024-09-06,0.002558689304944607
2024-09-09,-0.008022073600630425
2024-09-10,0.00022808937211625882
2024-09-11,0.0008114368056101277
2024-09-12,-0.002179129782655719
2024-09-13,-0.0011197679252493318
2024-09-16,-0.0026371555205047326
2024-09-17,-0.0020110519138755983
2024-09-18,-0.003067071138711264
2024-09-19,0.0025640990364468996
2024-09-20,0.0036290635427277873
2024-09-23,-0.006121760828402366
2024-09-24,0.002423665944272446
2024-09-25,0.0038084559196578023
2024-09-26,0.005300446802279272
2024-09-27,0.004369290744016327
2024-09-30,0.0032262832917553997
2024-10-01,-0.0010441375611814348
2024-10-02,0.005279231235330327
2024-10-03,-0.0028899969971348696
2024-10-04,-0.0010064547489590922
2024-10-07,0.006284257485241441
2024-10-08,-0.009317623480578515
2024-10-09,-0.006562477485558109
2024-10-10,-0.0023921296002626857
2024-10-11,-0.0040766518565406185
2024-10-14,-0.004798277811814215
2024-10-15,-0.00235171212992776
2024-10-16,0.007633571904044837
2024-10-17,0.0021559099635732218
2024-10-18,0.006591515467962838
2024-10-21,0.004091507429763767
2024-10-22,0.002163965282134144
2024-10-23,-0.005362937286683061
2024-10-24,0.0004584377000063745
2024-10-25,0.00440243897707231
2024-10-28,0.002314809064965587
2024-10-29,0.00011826970899470892
2024-10-30,-0.0006155671957671959
2024-10-31,0.003093723890039109
2024-11-01,0.000660421106781931
2024-11-04,-0.0016586992880802292
2024-11-05,-0.003671908056652529
2024-11-06,-0.011680118973348065
2024-11-07,0.0018683275311241962
2024-11-08,-0.003920699470147325
2024-11-11,0.0007381714777809365
2024-11-12,0.005857280576627979
2024-11-13,-0.004966658777765661
2024-11-14,0.0013258683048120523
2024-11-15,-0.0035002923346012784
2024-11-18,-0.007665668846570887
2024-11-19,-0.001137077566492393
2024-11-20,-0.0025171092046882616
2024-11-21,-0.005037997828717226
2024-11-22,-0.0003274141493549744
2024-11-25,-0.000638105749987768
2024-11-26,0.0017227369645419896
2024-11-27,0.004912695896880205
2024-11-29,0.006697887970850738
2024-12-02,0.000987856404781784
2024-12-03,-0.0018072780317716338
2024-12-04,0.0008250856461287951
2024-12-05,0.0005500389633795958
2024-12-06,0.003133136142537687
2024-12-09,0.009371499375650242
2024-12-10,0.0015281705234765075
2024-12-11,0.0007653663877514689
2024-12-12,-0.0014937529787369275
2024-12-13,0.00014365226247635724
2024-12-16,0.0004719802486655934
2024-12-17,0.0050533521676855465
2024-12-18,0.0100350621575525
2024-12-19,0.0020812574920939485
2024-12-20,-0.0002068528423554948
2024-12-23,-9.423820228715747e-05
2024-12-24,4.547829831187851e-06
2024-12-26,0.01206648484325237
2024-12-27,0.008230868213350109
2024-12-30,0.009800198755511174
2024-12-31,-0.0023114903154263762
