date,ILLIQ_VW
2017-03-01,-0.018349426774382796
2017-03-02,-0.002471027960135085
2017-03-03,0.007743981192782315
2017-03-06,-0.0055909954958017136
2017-03-07,0.003078344028361555
2017-03-08,-0.004615542917237297
2017-03-09,0.0007071575979000563
2017-03-10,0.00146558404633568
2017-03-13,0.00082424231171532
2017-03-14,-0.004149422046100264
2017-03-15,0.02548304967995861
2017-03-16,-0.008943179417625602
2017-03-17,-0.0032927727201879026
2017-03-20,0.015523946130750099
2017-03-21,-0.0039053057601057626
2017-03-22,-0.005377062440928262
2017-03-23,-0.007389276102544938
2017-03-24,0.008630826230046318
2017-03-27,0.007909790665660523
2017-03-28,-0.00756342217115368
2017-03-29,0.004527115868738652
2017-03-30,-0.004488630268736651
2017-03-31,-0.013424057285030228
2017-04-03,0.011361327426360214
2017-04-04,-0.018161019830127773
2017-04-05,0.02120648838585833
2017-04-06,-0.007548829447392177
2017-04-07,-0.015085322898572923
2017-04-10,-0.005318302210172267
2017-04-11,-0.0010563132601513184
2017-04-12,0.0022903657528320917
2017-04-13,0.0062151627468992054
2017-04-17,0.006088393839028304
2017-04-18,-0.006238470442747489
2017-04-19,-0.010752398846076391
2017-04-20,-0.009753070862432444
2017-04-21,0.0034811112322128343
2017-04-24,0.007860139331195233
2017-04-25,-0.01959056047806964
2017-04-26,-0.0019365842439648313
2017-04-27,0.015538278139592654
2017-04-28,-0.005517246647646642
2017-05-01,0.021956761240358676
2017-05-02,0.008415385764551109
2017-05-03,-0.01784100786884006
2017-05-04,0.0033719452079550146
2017-05-05,0.006477773386433392
2017-05-08,-0.0016147766727561703
2017-05-09,-0.00881618667252333
2017-05-10,-0.03276519592114828
2017-05-11,0.04823152744770651
2017-05-12,0.0003787093616882914
2017-05-15,0.015309211755015971
2017-05-16,-0.005664674825325283
2017-05-17,-0.015772414385438836
2017-05-18,-0.088478332684402
2017-05-19,0.03174591948556529
2017-05-22,-0.015816027725993546
2017-05-23,0.006776190657825308
2017-05-24,0.01476133667122475
2017-05-25,-0.01911281371206963
2017-05-26,0.02891611922860797
2017-05-30,-0.009555806607414109
2017-05-31,-0.01978000890244735
2017-06-01,-0.0008724922223902459
2017-06-02,-0.0005234379170641168
2017-06-05,-0.006583098501285986
2017-06-06,0.005002271814570406
2017-06-07,-0.0019748191366521966
2017-06-08,0.003709807764030492
2017-06-09,-0.019210611995740923
2017-06-12,-0.0176582833275452
2017-06-13,0.0018199368852963747
2017-06-14,0.03071862940965376
2017-06-15,-0.0035625561348936537
2017-06-16,-0.010412724579530921
2017-06-19,-0.003940088879385053
2017-06-20,-0.010660434671575994
2017-06-21,0.004807251753426239
2017-06-22,0.01320498454054586
2017-06-23,0.003363728465873951
2017-06-26,0.006205652714976804
2017-06-27,0.0004245890144170851
2017-06-28,-0.008359020366786
2017-06-29,0.011324715517377118
2017-06-30,0.0042625947985782025
2017-07-03,-0.002386244838581332
2017-07-05,-0.023479730871498128
2017-07-06,0.0076350441122435666
2017-07-07,0.009046968314890769
2017-07-10,0.006968541043763871
2017-07-11,-0.002516681616711191
2017-07-12,0.02626156309675545
2017-07-13,0.004113965332254049
2017-07-14,0.0015814673332055999
2017-07-17,-0.0011764120818279719
2017-07-18,-0.002273096926163936
2017-07-19,0.0037519055161140064
2017-07-20,0.008747946441728913
2017-07-21,-0.00931477250755574
2017-07-24,0.0033181154889341804
2017-07-25,-0.0042981274001994444
2017-07-26,-0.0013423359852782954
2017-07-27,0.0003004462657323387
2017-07-28,0.003832024691224107
2017-07-31,0.007314409868832975
2017-08-01,0.006674073259683432
2017-08-02,0.0017770749683815156
2017-08-03,-1.2623046806658177e-05
2017-08-04,-0.014861595683943416
2017-08-07,0.014229008149882283
2017-08-08,-0.0024957204242421257
2017-08-09,-0.014224239372233308
2017-08-10,0.00997690700567138
2017-08-11,0.006378479737369199
2017-08-14,0.00054496245675348
2017-08-15,-0.017689443339675676
2017-08-16,0.026721684596085392
2017-08-17,-0.007897160085260278
2017-08-18,0.02437096326663192
2017-08-21,-0.0037357994293408473
2017-08-22,0.006220019868047747
2017-08-23,-0.005255488671436754
2017-08-24,0.014280103255488109
2017-08-25,0.0027078378260214217
2017-08-28,-0.0028582754163359726
2017-08-29,0.0019227489598403306
2017-08-30,-0.012330298863324998
2017-08-31,-0.011436467583493377
2017-09-01,0.00959165087354581
2017-09-05,-0.003245150985784431
2017-09-06,0.03427578794146838
2017-09-07,0.002925341073155545
2017-09-08,0.00823168604356395
2017-09-11,0.01599350842892768
2017-09-12,-0.005883893747164361
2017-09-13,0.013704147680004363
2017-09-14,0.01406056298829322
2017-09-15,-0.019691851234565808
2017-09-18,-0.00345781599669753
2017-09-19,-0.00481481980601482
2017-09-20,-0.007436251484770816
2017-09-21,0.012285837214330965
2017-09-22,0.007733019695994562
2017-09-25,-0.011581042319502329
2017-09-26,-0.009403767581848074
2017-09-27,-0.013054596681722444
2017-09-28,0.00114430755455189
2017-09-29,-0.0010298522750499819
2017-10-02,0.00022318562169388679
2017-10-03,0.032333095986540515
2017-10-04,0.0031408373838900452
2017-10-05,0.002334735991619474
2017-10-06,-0.005452822328453499
2017-10-09,-0.012450969436097808
2017-10-10,0.010175173095087288
2017-10-11,0.01853432663983493
2017-10-12,-0.016808666431106983
2017-10-13,-0.004334071306123066
2017-10-16,-0.016735305646618372
2017-10-17,-0.0017195998869910536
2017-10-18,-0.0031548007819163664
2017-10-19,-0.013357506054553919
2017-10-20,0.016413140043418616
2017-10-23,-0.014303875228655095
2017-10-24,-0.01649736901372422
2017-10-25,0.04384142030051324
2017-10-26,-0.0502812150238952
2017-10-27,0.01583012503305946
2017-10-30,-0.02406748152701425
2017-10-31,-0.004060224765386391
2017-11-01,-0.013281769297423864
2017-11-02,-0.010837848469114683
2017-11-03,-0.006254578931767461
2017-11-06,0.0026238139365180064
2017-11-07,0.0023737035789679947
2017-11-08,0.00870150160481179
2017-11-09,0.0012855657786727177
2017-11-10,-0.00514182952644075
2017-11-13,0.004449060236553828
2017-11-14,-0.01852924551749345
2017-11-15,-0.009774341751825708
2017-11-16,0.03485247886684218
2017-11-17,0.008079252093911023
2017-11-20,-0.031484946854906035
2017-11-21,0.023470962542016464
2017-11-22,-0.007381004140131632
2017-11-24,0.03765218400317166
2017-11-27,-0.02310040029211707
2017-11-28,0.0029796320996788184
2017-11-29,-0.010796941306620634
2017-11-30,-0.04592678418797479
2017-12-01,0.02966668805236138
2017-12-04,-0.008668836433135938
2017-12-05,0.004353626644063272
2017-12-06,-0.014784919579605503
2017-12-07,-0.012691706778857163
2017-12-08,-5.6926866251688114e-05
2017-12-11,-0.011493250670266476
2017-12-12,0.02415802987208405
2017-12-13,-0.016626131046491164
2017-12-14,-0.00016659922663049076
2017-12-15,0.04344752163570052
2017-12-18,-0.029531222296693863
2017-12-19,-0.003716271037826136
2017-12-20,0.013304666978295528
2017-12-21,0.014538531776290088
2017-12-22,-0.014564703432542342
2017-12-26,0.01526158306256913
2017-12-27,0.012613716767973435
2017-12-28,0.011672469420260487
2017-12-29,-0.01861307454529359
2018-01-02,0.04214908759401065
2018-01-03,-0.007684322377408488
2018-01-04,0.0017845969283084347
2018-01-05,-0.0014043989257988363
2018-01-08,-0.0014474710276413544
2018-01-09,-0.007876531593650857
2018-01-10,0.0004140528108093574
2018-01-11,0.000658625722450964
2018-01-12,0.001881720892926395
2018-01-16,0.004584734242843924
2018-01-17,0.00732995200073463
2018-01-18,0.024464128465814732
2018-01-19,-0.02566286048266269
2018-01-22,0.001846632483096313
2018-01-23,-0.000285854505571097
2018-01-24,0.04197339331804161
2018-01-25,-0.0113904792891232
2018-01-26,0.019651011399532414
2018-01-29,-0.00677947838106532
2018-01-30,-0.00039280322073139383
2018-01-31,0.01672047768691324
2018-02-01,-0.011909202902372287
2018-02-02,0.00033767659918672657
2018-02-05,0.01882333076661729
2018-02-06,-0.007250184511636894
2018-02-07,0.010205626959862282
2018-02-08,0.010343140282383222
2018-02-09,-0.009789133390375841
2018-02-12,-0.014674182319778725
2018-02-13,0.01350844422194376
2018-02-14,-0.012056356623022662
2018-02-15,2.4368475192868e-05
2018-02-16,0.003960173772810907
2018-02-20,0.009552950303118594
2018-02-21,0.025892035367267252
2018-02-22,-0.0022177029897406724
2018-02-23,-0.021726562852340054
2018-02-26,-0.006089075445339909
2018-02-27,-0.0009692349454755202
2018-02-28,0.0032132534292592125
2018-03-01,0.004006940379157492
2018-03-02,0.007726152354595825
2018-03-05,-0.008146481845144781
2018-03-06,0.00940225111341508
2018-03-07,-0.01204487959194418
2018-03-08,-0.01947937671073082
2018-03-09,-0.010556173867290445
2018-03-12,0.011836260012792338
2018-03-13,-0.004321848113076145
2018-03-14,0.0016686208017410433
2018-03-15,-0.013658079217401626
2018-03-16,0.007522805981645625
2018-03-19,0.004039968480007816
2018-03-20,-0.0022162799297478037
2018-03-21,0.012753724153522423
2018-03-22,0.019836218526152097
2018-03-23,0.019705561995048384
2018-03-26,-0.04537272053425927
2018-03-27,0.03575822729977125
2018-03-28,-0.0052070967022024624
2018-03-29,0.002275922831094934
2018-04-02,-0.0034842610479606483
2018-04-03,0.0025960922021206773
2018-04-04,-0.0315292408656668
2018-04-05,0.002383775670099518
2018-04-06,-0.0020035101651043573
2018-04-09,-0.03676937740865017
2018-04-10,-0.00034706174727717337
2018-04-11,0.017123489498855206
2018-04-12,-0.017764972822903777
2018-04-13,-0.014340044399433469
2018-04-16,-0.01609940566732025
2018-04-17,0.0010994464235847025
2018-04-18,0.01887229433973728
2018-04-19,0.004382416789281545
2018-04-20,0.0003662947199362353
2018-04-23,-0.004483090333285884
2018-04-24,-0.0006225161110796767
2018-04-25,0.0014628101228448753
2018-04-26,-0.011229899237158458
2018-04-27,0.010118834019101686
2018-04-30,-0.0020275607806779818
2018-05-01,-0.011797235033753432
2018-05-02,-0.006995112461247782
2018-05-03,-0.006158321762898312
2018-05-04,-0.007726331390012757
2018-05-07,-0.01718269109986857
2018-05-08,0.0025679294705600814
2018-05-09,-0.018320566064702934
2018-05-10,0.012152347075639
2018-05-11,-0.011636094600613208
2018-05-14,-0.015414364708228413
2018-05-15,-0.005266655351206003
2018-05-16,-0.0036773322594408466
2018-05-17,-0.010974938551790731
2018-05-18,-0.015273084285994554
2018-05-21,-0.009285550142097122
2018-05-22,0.02780843100044541
2018-05-23,-0.026151245836556647
2018-05-24,0.0001747139022718479
2018-05-25,-0.010035114771036783
2018-05-29,-0.017779796111956236
2018-05-30,-0.008586064585440516
2018-05-31,0.016588833704644337
2018-06-01,0.006974246093714541
2018-06-04,-0.00914667647112067
2018-06-05,-0.026510695600355696
2018-06-06,-0.024152002360917905
2018-06-07,-0.019171607895849457
2018-06-08,0.02792123689035027
2018-06-11,-0.006549084650361
2018-06-12,-0.003271719605304204
2018-06-13,-0.008822696781274248
2018-06-14,0.0005586325821068817
2018-06-15,0.036382731778171765
2018-06-18,-0.05341213718936394
2018-06-19,0.021470462492953733
2018-06-20,0.0009097677665764782
2018-06-21,-0.010567884264681313
2018-06-22,0.006341469833493636
2018-06-25,-0.0009331015099738361
2018-06-26,-0.0007598714632443559
2018-06-27,-0.013671467706894983
2018-06-28,0.010866436020443827
2018-06-29,0.0072823445402130154
2018-07-02,-0.01137556566707643
2018-07-03,0.02396025274491642
2018-07-05,-0.004091239872117596
2018-07-06,-0.01987700586086935
2018-07-09,-0.003974253814311261
2018-07-10,-0.005326674210113272
2018-07-11,-0.0021618250943344474
2018-07-12,-0.0019833972624505817
2018-07-13,0.015804950666927355
2018-07-16,0.0022040340725740506
2018-07-17,0.001389213857179307
2018-07-18,0.00783232261033905
2018-07-19,-0.015995040537716075
2018-07-20,0.03724109402327523
2018-07-23,-0.011424564441712406
2018-07-24,0.0052752734372404795
2018-07-25,0.0034158255060619726
2018-07-26,-0.020511609405167157
2018-07-27,0.007422488322519928
2018-07-30,0.012440249540132984
2018-07-31,-0.014120318364327703
2018-08-01,0.008401524734918652
2018-08-02,-0.01711542941258383
2018-08-03,0.010765609509886566
2018-08-06,0.0207908713435643
2018-08-07,0.035198606848264063
2018-08-08,-0.024401708579705545
2018-08-09,-0.01323047832432574
2018-08-10,-0.01822271096521825
2018-08-13,-0.017583332579992297
2018-08-14,0.02992881143232877
2018-08-15,-0.004022615235211297
2018-08-16,-0.019173763254548174
2018-08-17,0.0028542027510093664
2018-08-20,0.00593862127511593
2018-08-21,-0.02415158965541577
2018-08-22,0.01854110087708425
2018-08-23,-0.028813969502524458
2018-08-24,0.0031872564489462294
2018-08-27,0.010315386960995886
2018-08-28,-0.0020146870920214567
2018-08-29,0.017223877356124465
2018-08-30,-0.01108564882986428
2018-08-31,0.0025387277571064957
2018-09-04,-0.01182093672835586
2018-09-05,-0.017030869426244974
2018-09-06,0.014538955541709045
2018-09-07,0.017663203306092754
2018-09-10,-0.0012239074603309294
2018-09-11,-0.02384650986669175
2018-09-12,0.011556880643146004
2018-09-13,-0.02079291765206497
2018-09-14,0.007634932948332458
2018-09-17,0.020629173217092713
2018-09-18,-0.005542730014744505
2018-09-19,0.004219234978839147
2018-09-20,-0.0007286314951447737
2018-09-21,-0.008385658051516405
2018-09-24,0.00897589594939657
2018-09-25,0.00046691434562787346
2018-09-26,0.009050295327691553
2018-09-27,0.013707825862098793
2018-09-28,-0.01601071993365454
2018-10-01,0.003957399744525784
2018-10-02,0.03570023736418981
2018-10-03,0.026327794745820997
2018-10-04,0.002921807787342125
2018-10-05,0.000748076377486911
2018-10-08,0.03162410601458498
2018-10-09,0.0004179815168555451
2018-10-10,0.008525628676071356
2018-10-11,0.016894612546383306
2018-10-12,-0.018819157975266988
2018-10-15,0.008678665271834555
2018-10-16,-0.007516544843483587
2018-10-17,0.007817153922466055
2018-10-18,0.001748644739780916
2018-10-19,-0.0035284500433334035
2018-10-22,0.00793806220335273
2018-10-23,-0.0009868380968806375
2018-10-24,0.008770469415493778
2018-10-25,-0.00508350943422313
2018-10-26,0.02255950907940874
2018-10-29,-0.004284948347291387
2018-10-30,-0.004231341619975439
2018-10-31,-0.01049141967278507
2018-11-01,0.022350866296119605
2018-11-02,0.013796013269897657
2018-11-05,-0.005908594091887582
2018-11-06,-0.017178939746878126
2018-11-07,-0.023608149935981197
2018-11-08,0.0062839544348746584
2018-11-09,0.003754450579728147
2018-11-12,0.003598766365811395
2018-11-13,-0.014299420721738168
2018-11-14,0.004772502200459396
2018-11-15,-0.0005657565402274398
2018-11-16,0.0067147129062880995
2018-11-19,0.010985032874360123
2018-11-20,-0.009889010901571786
2018-11-21,0.00814301308151939
2018-11-23,0.0033532157918079856
2018-11-26,-0.04183239540032686
2018-11-27,0.02411086924351662
2018-11-28,-0.010005696250916175
2018-11-29,0.008506151363669511
2018-11-30,-0.005803363308666074
2018-12-03,-0.013624180902768039
2018-12-04,0.021277628816852974
2018-12-06,-0.010960853995251355
2018-12-07,0.016692376454558427
2018-12-10,-0.01766234122934537
2018-12-11,-0.0005773141115048485
2018-12-12,0.0057516941143783045
2018-12-13,0.00303355959306705
2018-12-14,0.01061469584471942
2018-12-17,-0.0016888344777400456
2018-12-18,0.001012924018906988
2018-12-19,0.031032329343978288
2018-12-20,-0.004578672288516279
2018-12-21,0.010233216108916782
2018-12-24,0.03524727047937075
2018-12-26,-0.05550577696465003
2018-12-27,-0.009712980850300045
2018-12-28,0.029692475579756645
2018-12-31,-0.0037827167543109204
2019-01-02,0.0592934652607254
2019-01-03,0.02382880574667172
2019-01-04,-0.025480435473958476
2019-01-07,0.01412885964827086
2019-01-08,-0.021133694611309668
2019-01-09,0.04072066333158232
2019-01-10,-0.003649381253692503
2019-01-11,-0.0026056726857933386
2019-01-14,0.005871488714379007
2019-01-15,-0.013922020637813977
2019-01-16,0.0051702457805573865
2019-01-17,-0.015779082054482432
2019-01-18,-0.013711159475102722
2019-01-22,0.00449788209802192
2019-01-23,0.010805437384610404
2019-01-24,-0.0009481568688092215
2019-01-25,0.00620495066752353
2019-01-28,0.00764240198407631
2019-01-29,0.005581094808790242
2019-01-30,-0.007944989949794637
2019-01-31,0.023098646175697533
2019-02-01,-0.016559611594993275
2019-02-04,0.014602196106024878
2019-02-05,-0.008850990974422093
2019-02-06,-0.031689496225066345
2019-02-07,0.012805696997659556
2019-02-08,0.0009741676185923717
2019-02-11,-0.009729087674257144
2019-02-12,0.011953654790725427
2019-02-13,-0.020579324498633714
2019-02-14,0.019864105700899977
2019-02-15,-0.010978903709620649
2019-02-19,-0.006871408532567033
2019-02-20,-0.023335625093591907
2019-02-21,0.008275601745879331
2019-02-22,-0.0001541523263026319
2019-02-25,-0.011692152090596479
2019-02-26,0.009284830768548202
2019-02-27,0.0007422736401733535
2019-02-28,-0.020832047246396604
2019-03-01,0.002081328932330955
2019-03-04,0.00917376560834037
2019-03-05,-0.004660864831187839
2019-03-06,0.00647838874440992
2019-03-07,0.0007996932042588899
2019-03-08,-0.0009505491840158422
2019-03-11,0.03748650636883482
2019-03-12,-0.009311270455634874
2019-03-13,-0.0066765671855215794
2019-03-14,0.0027211850066845454
2019-03-15,-0.009792946515976734
2019-03-18,-0.0011640012974334364
2019-03-19,-0.001232103733479081
2019-03-20,0.009370485052734162
2019-03-21,-0.01295666405874571
2019-03-22,0.008838664851753119
2019-03-25,-0.014322141016859868
2019-03-26,-0.0037151767320531726
2019-03-27,0.0038882692218486824
2019-03-28,-0.016118576802545394
2019-03-29,-0.003750444332403824
2019-04-01,-0.005696761227348245
2019-04-02,-0.0018499773914318594
2019-04-03,-0.005135904004734591
2019-04-04,0.0017444973159976723
2019-04-05,0.0015658596475799603
2019-04-08,0.0007324297535589695
2019-04-09,0.00716440424059462
2019-04-10,-0.008903167820030717
2019-04-11,0.00974862993471824
2019-04-12,-0.005210590100315531
2019-04-15,-0.0017021935978793678
2019-04-16,0.004239085529595763
2019-04-17,-0.005531861688836195
2019-04-18,-0.0005867492994504164
2019-04-22,-0.002349048764683568
2019-04-23,-0.005523348883223191
2019-04-24,0.002974096209408317
2019-04-25,-0.004115595298713018
2019-04-26,-0.001257393141726789
2019-04-29,-0.00028869113015312796
2019-04-30,-0.002424693236732219
2019-05-01,0.009036729245281486
2019-05-02,0.007008941672390572
2019-05-03,-0.006238013383633752
2019-05-06,-0.010942399811418238
2019-05-07,0.006683943213280287
2019-05-08,0.02371938218793305
2019-05-09,-0.018273332212341058
2019-05-10,-0.01237644482487335
2019-05-13,-0.0034254321930713497
2019-05-14,-0.004639037775016768
2019-05-15,-0.020958157729881757
2019-05-16,-0.0194758404723523
2019-05-17,-0.004651939483447525
2019-05-20,0.026908603430847375
2019-05-21,0.00888310558335337
2019-05-22,0.015794363775821347
2019-05-23,0.011303449482707817
2019-05-24,-0.005145731156859961
2019-05-28,0.027092818378038945
2019-05-29,0.021654770325477253
2019-05-30,0.008842180894328797
2019-05-31,0.018270049088548384
2019-06-03,0.002065653335946183
2019-06-04,-0.014883537603505276
2019-06-05,-0.01000276975886456
2019-06-06,-0.018871947854099187
2019-06-07,0.008743508901173008
2019-06-10,-0.005485272034405794
2019-06-11,-0.0010554337925847586
2019-06-12,0.004958512949310686
2019-06-13,0.00079630185116641
2019-06-14,-0.0063824312573459475
2019-06-17,0.005304553747497712
2019-06-18,-0.005186205957659084
2019-06-19,-0.0017823856339201846
2019-06-20,-0.005251901749309268
2019-06-21,0.000143063863596178
2019-06-24,0.0035313621745239527
2019-06-25,0.0010382593684622275
2019-06-26,0.002857513989195049
2019-06-27,0.0039123008351546595
2019-06-28,-0.004333578877635137
2019-07-01,-0.0072604020475486196
2019-07-02,0.0013510126295246745
2019-07-03,-0.007104834771433898
2019-07-05,-0.001076729313655369
2019-07-08,0.004064602012646768
2019-07-09,-0.0034920001047675088
2019-07-10,-0.004131862013376117
2019-07-11,-0.0004638018392177654
2019-07-12,-0.006763459692678593
2019-07-15,0.0001738692183157355
2019-07-16,0.0013397440162574684
2019-07-17,0.004649073326025603
2019-07-18,-0.003307256040179751
2019-07-19,0.00467760465834775
2019-07-22,-0.0028420680842473744
2019-07-23,-0.007471157353586556
2019-07-24,-0.0019183452584961083
2019-07-25,0.003674148209909517
2019-07-26,-0.0030986002559696083
2019-07-29,-0.0005575624222505609
2019-07-30,0.005618588630551572
2019-07-31,0.0005816334422930215
2019-08-01,0.005535194534316471
2019-08-02,0.005150901831432655
2019-08-05,0.00944744664645148
2019-08-06,-0.012400673487971726
2019-08-07,-0.003322937141896724
2019-08-08,-0.017897690636123356
2019-08-09,0.0031460983998548666
2019-08-12,0.01004174479205686
2019-08-13,-0.0171482450542619
2019-08-14,0.01135952973034238
2019-08-15,-0.008899879636545645
2019-08-16,-0.010574137030365145
2019-08-19,-0.010340900645479583
2019-08-20,0.010551074815062865
2019-08-21,-0.012268352029069148
2019-08-22,0.012273554565304025
2019-08-23,0.012349934424130722
2019-08-26,-0.01294566549045661
2019-08-27,-9.605229032405961e-05
2019-08-28,-0.012715562496701902
2019-08-29,-0.008320510013172782
2019-08-30,0.0007706657333033858
2019-09-03,0.002386098165141486
2019-09-04,-0.0076254178285795615
2019-09-05,-0.01003614545905607
2019-09-06,0.0030287924888207246
2019-09-09,0.0029759833436705874
2019-09-10,0.005593219883023085
2019-09-11,-0.0034901156800533715
2019-09-12,-0.00252194224236486
2019-09-13,0.012431816365044765
2019-09-16,0.008075794457231097
2019-09-17,-0.008226385803891753
2019-09-18,-0.001286393970859026
2019-09-19,0.0024919839662624166
2019-09-20,0.010496937392342868
2019-09-23,-0.007436966136496338
2019-09-24,0.004000390677531994
2019-09-25,-0.006777412849253358
2019-09-26,0.0011271560056279415
2019-09-27,0.00016206751927667733
2019-09-30,-0.0016118854247927981
2019-10-01,0.006061114544827302
2019-10-02,0.0010434231974932907
2019-10-03,-0.002862795263738971
2019-10-04,-0.011137412936975677
2019-10-07,0.00040589800577609707
2019-10-08,0.014718410778306415
2019-10-09,-0.008837531438827248
2019-10-10,-0.010894221342396261
2019-10-11,-0.002580597720637994
2019-10-14,0.0009688118627163523
2019-10-15,-0.009896780100408724
2019-10-16,0.00045150072937965853
2019-10-17,-7.149219339670602e-05
2019-10-18,0.0052393554789508506
2019-10-21,-0.008567002036252106
2019-10-22,0.001296471110678472
2019-10-23,0.0014204055557864633
2019-10-24,-0.003974264023610997
2019-10-25,-0.003902624039332496
2019-10-28,-0.0027696882518111823
2019-10-29,-0.00039377184241900934
2019-10-30,-0.006806966602969566
2019-10-31,0.00479439523866277
2019-11-01,-0.006063669744043906
2019-11-04,-0.0037892615856075416
2019-11-05,0.0027287956466907773
2019-11-06,-0.004519393702485894
2019-11-07,0.0005050807240498476
2019-11-08,-0.0009918086933437442
2019-11-11,-0.0009150387513873362
2019-11-12,-0.0008003186821451316
2019-11-13,-0.006927637079134644
2019-11-14,4.9885460820659356e-05
2019-11-15,-0.004522351959921676
2019-11-18,-0.002600259666278057
2019-11-19,0.0007884974439970665
2019-11-20,-0.002349543264277589
2019-11-21,0.007507139723277966
2019-11-22,-0.002940898072768792
2019-11-25,-0.0040166935436906515
2019-11-26,-0.0028227572591723875
2019-11-27,-0.0009413389379297455
2019-11-29,0.009418369453201316
2019-12-02,0.021545043463819066
2019-12-03,0.004040852017479708
2019-12-04,0.0029965122678767015
2019-12-05,0.010894798566899186
2019-12-06,-0.004828818425824579
2019-12-09,0.0002452459634603569
2019-12-10,-0.002947729275736093
2019-12-11,-0.003973966443954632
2019-12-12,0.005667411020675184
2019-12-13,0.0011633341308450909
2019-12-16,-0.0014691933289426445
2019-12-17,0.005409165296366712
2019-12-18,0.02505676326810715
2019-12-19,-0.003398798476660165
2019-12-20,-0.011736821919571816
2019-12-23,0.010052870024817194
2019-12-24,0.0003910597131714008
2019-12-26,0.006885729000211934
2019-12-27,-0.001573253005838485
2019-12-30,0.014761471346614746
2019-12-31,0.015142013066526589
2020-01-02,-0.0029486271364855057
2020-01-03,0.003022546294966306
2020-01-06,-0.013369614138277173
2020-01-07,-0.010654265417147491
2020-01-08,-0.000798327556528651
2020-01-09,-0.013669343078536598
2020-01-10,-0.0032712574793961587
2020-01-13,-0.009238919810069942
2020-01-14,0.00022172826116469233
2020-01-15,0.0023092916067188516
2020-01-16,-0.014246631352606896
2020-01-17,0.01450103755000489
2020-01-21,-0.025667808897595453
2020-01-22,0.005321928714397225
2020-01-23,0.012844019384559023
2020-01-24,0.00011635649483405543
2020-01-27,-0.012711245526638007
2020-01-28,0.004687534730553439
2020-01-29,-0.016020299765128497
2020-01-30,-0.013201623289380734
2020-01-31,0.0061341505353083355
2020-02-03,0.0031549661346817175
2020-02-04,-0.01155732682022654
2020-02-05,0.011203221269437742
2020-02-06,-0.02420691756049136
2020-02-07,0.01438953832298313
2020-02-10,-0.015606755742074076
2020-02-11,0.0009918908113996277
2020-02-12,-0.005592927489648382
2020-02-13,-0.013246934302168513
2020-02-14,0.0027122740560034664
2020-02-18,-0.02667670032082707
2020-02-19,0.00010042682600073117
2020-02-20,-0.012505751672677938
2020-02-21,-0.0035126034107021385
2020-02-24,0.020173251293414553
2020-02-25,-0.0002980888541412076
2020-02-26,-0.010095419716918203
2020-02-27,0.025671685872166335
2020-02-28,-0.019006048557660537
2020-03-02,-0.010764294872730888
2020-03-03,0.016245216159123256
2020-03-04,-0.04203551115437066
2020-03-05,-0.0012228263924770125
2020-03-06,0.01960115850168275
2020-03-09,-0.005375188876908729
2020-03-10,-0.04522988451762876
2020-03-11,-0.014586406179179334
2020-03-12,-0.0015030017519488126
2020-03-13,-0.013068051721242813
2020-03-16,0.01949948841922218
2020-03-17,-0.03471625970789013
2020-03-18,-0.01963498327236103
2020-03-19,-0.013103846174901748
2020-03-20,0.013265106715971295
2020-03-23,-0.0334754691351383
2020-03-24,-0.028410459350393713
2020-03-25,0.06673154657089383
2020-03-26,-0.05080691648332225
2020-03-27,0.02167451493608634
2020-03-30,-0.04317144869435677
2020-03-31,0.0159386752656428
2020-04-01,0.0054920951870754894
2020-04-02,-0.013514069099071617
2020-04-03,-0.01698156892343515
2020-04-06,-0.005678684018313979
2020-04-07,0.04503914407072974
2020-04-08,-0.015313172497228768
2020-04-09,0.001778569177012728
2020-04-13,0.005197516340907716
2020-04-14,-0.005585629957831885
2020-04-15,-0.0026605795231024396
2020-04-16,-0.02969309464294615
2020-04-17,-0.01785189312228773
2020-04-20,0.002599506818228072
2020-04-21,0.023316248732078892
2020-04-22,-0.01824533608858899
2020-04-23,-0.0202874513447497
2020-04-24,-0.031042031026385933
2020-04-27,-0.019458504183920772
2020-04-28,0.04332351067067755
2020-04-29,0.011779598327377887
2020-04-30,-0.02087386618607154
2020-05-01,0.009848524894565752
2020-05-04,-0.016834037994961578
2020-05-05,-0.0089612318599944
2020-05-06,-0.01449946449207579
2020-05-07,-0.030437103909509763
2020-05-08,0.0319996890417608
2020-05-11,-0.029757709688440652
2020-05-12,0.0019471830187546037
2020-05-13,-0.0012546411079321813
2020-05-14,-0.02779163698441349
2020-05-15,0.009740201291954378
2020-05-18,0.009972816212185986
2020-05-19,-0.0009974287069261286
2020-05-20,-0.002579878779093211
2020-05-21,0.041813360313788905
2020-05-22,-0.007402508504552274
2020-05-26,0.02406699992989913
2020-05-27,0.004536323135097154
2020-05-28,-0.0159361945065238
2020-05-29,-0.007096111382033391
2020-06-01,0.023223047555289214
2020-06-02,0.011953800100683627
2020-06-03,0.04347730667217334
2020-06-04,-0.010317022000902919
2020-06-05,0.02769575632743785
2020-06-08,0.007998111362037704
2020-06-09,-0.0033080199997150136
2020-06-10,-0.003309860200200133
2020-06-11,0.005228866374287294
2020-06-12,0.012300735337015232
2020-06-15,-0.012085798611728028
2020-06-16,-0.006522664592334785
2020-06-17,0.008811957664055185
2020-06-18,-0.006118190549171834
2020-06-19,0.013800913579999085
2020-06-22,-0.016366663113530716
2020-06-23,0.0008741521874717417
2020-06-24,0.005577601419955329
2020-06-25,0.002812459096136522
2020-06-26,-0.016811263238964463
2020-06-29,0.005264741300710744
2020-06-30,-0.018493881406296903
2020-07-01,0.00034686712153601893
2020-07-02,-0.004829041513854052
2020-07-06,-0.01303579654808756
2020-07-07,-0.004814363666347712
2020-07-08,-0.00874062007572879
2020-07-09,0.0018299517014078888
2020-07-10,-0.002748466495895799
2020-07-13,0.003323100807534312
2020-07-14,-0.012088246826290323
2020-07-15,0.0022392089463521073
2020-07-16,0.0008951472225588084
2020-07-17,-0.0026222745978216958
2020-07-20,-0.006324162764126525
2020-07-21,0.004192431255478498
2020-07-22,-0.0033829341567707836
2020-07-23,0.005678909508145666
2020-07-24,0.0024303398256878476
2020-07-27,-0.003602708081454498
2020-07-28,0.00881568484893671
2020-07-29,-0.011676482861807488
2020-07-30,0.005239160489222544
2020-07-31,-0.009952998231991365
2020-08-03,0.0006000744367048189
2020-08-04,-0.0013647226209779666
2020-08-05,-0.000570049061205345
2020-08-06,-0.0060595975444958285
2020-08-07,0.01523857083739288
2020-08-10,0.006956975200307584
2020-08-11,0.012909345915245393
2020-08-12,-0.011647778706398302
2020-08-13,0.002511835357983682
2020-08-14,-0.0003163635007674135
2020-08-17,-0.0019072874101064233
2020-08-18,-0.004202371816887448
2020-08-19,0.0030953968907312186
2020-08-20,-0.009823006978034477
2020-08-21,-0.006661266312018133
2020-08-24,-0.005464784616124316
2020-08-25,0.004140466021837142
2020-08-26,-0.009868633816064157
2020-08-27,-0.002858321146402137
2020-08-28,0.0036776602775903866
2020-08-31,-0.005074217060697125
2020-09-01,0.0024582565949376623
2020-09-02,-0.012458559589898763
2020-09-03,0.041838515970289064
2020-09-04,0.021895574323736584
2020-09-08,0.007335038944518112
2020-09-09,-0.01574014174514039
2020-09-10,0.004112595335056774
2020-09-11,-0.012014654276078753
2020-09-14,0.00500250022003124
2020-09-15,-0.01030522199300134
2020-09-16,0.018324410968567267
2020-09-17,0.008650706901893237
2020-09-18,-1.732293685945477e-05
2020-09-21,-0.01276871681554786
2020-09-22,-0.008776974365070541
2020-09-23,-0.0027196632988520757
2020-09-24,0.007450560913304132
2020-09-25,-0.022480909382381287
2020-09-28,-0.013169975696204508
2020-09-29,-0.009539577625732194
2020-09-30,0.002879183631186494
2020-10-01,-0.004160948468997271
2020-10-02,0.008016908505561639
2020-10-05,-0.0017593263792693402
2020-10-06,0.011506570068405652
2020-10-07,-0.014060061667593897
2020-10-08,0.0059599436106489885
2020-10-09,-0.0030716534011086104
2020-10-12,-0.019555825274753375
2020-10-13,0.00047372105975306434
2020-10-14,0.005987685878951361
2020-10-15,0.014321408591726084
2020-10-16,-0.014895849673186645
2020-10-19,0.01762846854970176
2020-10-20,0.010114785693119271
2020-10-21,0.0051662393588131576
2020-10-22,0.005445827182305488
2020-10-23,-0.008600397842685781
2020-10-26,0.014226173730415669
2020-10-27,-0.01451456937498985
2020-10-28,-0.008666949503236952
2020-10-29,-0.0003084943552280582
2020-10-30,-0.00011174873895580285
2020-11-02,-0.0059117440058813146
2020-11-03,-0.0017479167649638513
2020-11-04,-0.020687885020185193
2020-11-05,-0.00020990841718039957
2020-11-06,0.010182074100954494
2020-11-09,0.040482426380638176
2020-11-10,0.021967841017847923
2020-11-11,-0.004940492850610262
2020-11-12,-0.012543316830084016
2020-11-13,0.00023552603914648272
2020-11-16,0.019775037217045096
2020-11-17,0.014388832679925046
2020-11-18,0.004612713780309566
2020-11-19,-0.0005167687636586423
2020-11-20,-0.004413860643223737
2020-11-23,0.00791834111962636
2020-11-24,0.004991446744134589
2020-11-25,-0.001714806237948387
2020-11-27,-0.005988191388742881
2020-11-30,-0.0039787611883531126
2020-12-01,0.01283886605627108
2020-12-02,0.0026063933772546262
2020-12-03,0.00825843705842624
2020-12-04,9.425245226853118e-06
2020-12-07,0.007330543967884848
2020-12-08,-0.002964009627810002
2020-12-09,0.011875300866098266
2020-12-10,0.02473930013097768
2020-12-11,0.0010078749343735505
2020-12-14,0.0030527094465771587
2020-12-15,-0.0020698391048881073
2020-12-16,0.002723319743031133
2020-12-17,0.002335574865577638
2020-12-18,-0.00483310040690769
2020-12-21,-0.007382532049124525
2020-12-22,0.016115974913140093
2020-12-23,0.00026720635335663077
2020-12-24,-0.010042269542825421
2020-12-28,0.0061278752837114646
2020-12-29,0.005666804784357005
2020-12-30,-0.0014531849880825962
2020-12-31,-0.009055678996401181
2021-01-04,0.0021289694617736468
2021-01-05,-0.0012151775822063808
2021-01-06,0.007551313987802569
2021-01-07,-0.0024879578395462718
2021-01-08,-0.004997970787756033
2021-01-11,-0.0021546894155709565
2021-01-12,0.007013263577202081
2021-01-13,0.004810418086803355
2021-01-14,0.024719485446201638
2021-01-15,-0.013453851501546495
2021-01-19,-0.0015942792717230474
2021-01-20,-0.024557806751754535
2021-01-21,0.006212481945513763
2021-01-22,-0.00427232512108667
2021-01-25,-0.009323738329947689
2021-01-26,-0.005827873554424932
2021-01-27,0.019354918903618436
2021-01-28,-0.0061151129665784456
2021-01-29,0.002424363126805773
2021-02-01,0.0009243045011807956
2021-02-02,-0.0015536936935075154
2021-02-03,-0.013615446366343563
2021-02-04,0.01621692715088351
2021-02-05,0.004405341398361358
2021-02-08,0.008786330877659308
2021-02-09,-0.0011703307080069324
2021-02-10,-0.0056532491555331054
2021-02-11,0.005705446311444625
2021-02-12,-0.009054324699809579
2021-02-16,0.01451549586824085
2021-02-17,0.0008410700564120503
2021-02-18,0.006328398806943501
2021-02-19,0.007997881645456019
2021-02-22,-0.013657888281300016
2021-02-23,-0.018077129694756184
2021-02-24,0.00463256821177915
2021-02-25,0.0022924367295246544
2021-02-26,-0.02003522482934631
2021-03-01,-0.01644635194221826
2021-03-02,0.016790478073860284
2021-03-03,0.015782062688443437
2021-03-04,0.005455954553241972
2021-03-05,-0.00036420592499684934
2021-03-08,0.007240437899811093
2021-03-09,-0.016726037776805126
2021-03-10,0.01342712578354133
2021-03-11,0.007484629785176486
2021-03-12,-0.0017673057840458554
2021-03-15,-0.001979042247823481
2021-03-16,-0.0072708741151543375
2021-03-17,0.008340987448800425
2021-03-18,0.029756180280943734
2021-03-19,-0.0061012184239561005
2021-03-22,-0.007042738339434846
2021-03-23,-0.0063663839480896205
2021-03-24,-0.00583326171674574
2021-03-25,-0.00828990129562014
2021-03-26,-0.015413143762977364
2021-03-29,0.011407095373220398
2021-03-30,0.002872327842985307
2021-03-31,-0.0033729269218892083
2021-04-01,-0.009383396992517104
2021-04-05,-0.011222198804627725
2021-04-06,0.009134616360974714
2021-04-07,-0.01081922849721019
2021-04-08,0.00465114659623769
2021-04-09,-0.017100474889006328
2021-04-12,-0.0003045531218892668
2021-04-13,-0.0036926165818450523
2021-04-14,0.012499358782570823
2021-04-15,-0.01133330577603348
2021-04-16,0.0024501015037692126
2021-04-19,0.003410921554641613
2021-04-20,0.0017839177664431818
2021-04-21,-0.00280298175266247
2021-04-22,0.0054990018916651374
2021-04-23,0.000683250080856743
2021-04-26,-0.0007190338716622428
2021-04-27,0.005508889533896179
2021-04-28,0.012692842373139984
2021-04-29,-0.004579903558720903
2021-04-30,-0.000150998814345449
2021-05-03,0.0019009084160499768
2021-05-04,-0.016022235911636123
2021-05-05,0.00893969083165599
2021-05-06,-0.0059087840164178725
2021-05-07,-0.0026476517009580433
2021-05-10,0.008769755968499817
2021-05-11,0.004945227056557197
2021-05-12,0.0072087459855591385
2021-05-13,-0.0015206963026695415
2021-05-14,-0.003589298070549765
2021-05-17,0.004347046227670289
2021-05-18,0.006343699826571969
2021-05-19,0.0037542747748449123
2021-05-20,-0.006790511000595443
2021-05-21,0.0021679740761094777
2021-05-24,-0.0052322439905899834
2021-05-25,-0.0039469839477311525
2021-05-26,0.005684685106967171
2021-05-27,0.003531500511085663
2021-05-28,0.004090725962557976
2021-06-01,0.006779618489998578
2021-06-02,0.012094193142211582
2021-06-03,-0.0008100076030945463
2021-06-04,0.0024657971763100677
2021-06-07,0.004626306778550476
2021-06-08,-0.001605012163761478
2021-06-09,-0.0025866087845523946
2021-06-10,6.129924412070012e-07
2021-06-11,-0.0058638259557243794
2021-06-14,-0.0038028604424625123
2021-06-15,0.004834237603639526
2021-06-16,0.004684455902068482
2021-06-17,-0.006638772530809194
2021-06-18,0.0038080848855645347
2021-06-21,-0.008782551195601023
2021-06-22,-0.0036856539413578863
2021-06-23,0.0004642760185440899
2021-06-24,-0.0023354962727579302
2021-06-25,-0.010027406804034474
2021-06-28,-0.005004165122619762
2021-06-29,-0.0008162004740220345
2021-06-30,-0.0038278706035623665
2021-07-01,-0.001521870940852307
2021-07-02,-0.00672802793404125
2021-07-06,0.0009440653350949668
2021-07-07,-0.004339771707461871
2021-07-08,0.005995776244977671
2021-07-09,-0.009302597838912687
2021-07-12,0.0017760648571359733
2021-07-13,-0.00138695541570365
2021-07-14,-0.001374855740919903
2021-07-15,0.0013000492130612702
2021-07-16,0.004587022295438959
2021-07-19,0.010537111577454149
2021-07-20,-0.013364249693787623
2021-07-21,-0.0018684171891544038
2021-07-22,-0.0028064336277020827
2021-07-23,-0.011470211224199233
2021-07-26,-0.000692189218043028
2021-07-27,0.002132196282165502
2021-07-28,-0.0014979495417882407
2021-07-29,-0.004540644393298068
2021-07-30,0.005103556652897353
2021-08-02,0.015667680349931292
2021-08-03,-0.012570110997346791
2021-08-04,-0.012603372683261676
2021-08-05,-0.009711400861660424
2021-08-06,0.0033278540359739386
2021-08-09,0.003460410927157741
2021-08-10,-0.004713514498611001
2021-08-11,-0.0036602043442333183
2021-08-12,-0.007262894109019815
2021-08-13,0.001069258665394376
2021-08-16,-0.01041342291233705
2021-08-17,0.0023595233509012695
2021-08-18,0.0060708656436585275
2021-08-19,-0.00042694517761327866
2021-08-20,-0.006992782805726658
2021-08-23,-0.00882692120640671
2021-08-24,0.01063802083755798
2021-08-25,0.0007022020646997459
2021-08-26,-0.0017246503526695952
2021-08-27,0.0026199872745867932
2021-08-30,-0.0018305472435293463
2021-08-31,-0.0028690947322172213
2021-09-01,0.0010755252613058792
2021-09-02,-0.01192336010450645
2021-09-03,0.0004638364011600691
2021-09-07,0.012496770504758212
2021-09-08,-0.012468795578595235
2021-09-09,-0.003891734083601657
2021-09-10,0.016033958765479826
2021-09-13,-0.004415414335966351
2021-09-14,0.009936352444339453
2021-09-15,-0.01616265551721171
2021-09-16,-0.00406252144382869
2021-09-17,0.0034542330400935545
2021-09-20,-0.0008104724292206378
2021-09-21,0.0063456551793617645
2021-09-22,-0.004063016212494465
2021-09-23,0.00553391684160952
2021-09-24,-0.007091027120148068
2021-09-27,0.009604088379189867
2021-09-28,0.011267799305051101
2021-09-29,-0.006892282468451066
2021-09-30,0.008882623466914976
2021-10-01,-0.005067037169825005
2021-10-04,0.008251306444846368
2021-10-05,-0.011455760975691082
2021-10-06,-0.007859460409069865
2021-10-07,-0.0062493545991404815
2021-10-08,0.0019464461943412106
2021-10-11,0.005968211161930588
2021-10-12,0.002161146211624224
2021-10-13,0.00012775221859699735
2021-10-14,-0.01195131620061373
2021-10-15,-0.0059171253506579485
2021-10-18,-0.004149058517684684
2021-10-19,-0.009093130293700456
2021-10-20,-0.0005906588176788877
2021-10-21,-0.004413127340306548
2021-10-22,0.0015728416459271193
2021-10-25,-0.0036804670373114705
2021-10-26,0.0003750142570411603
2021-10-27,0.002324198996772908
2021-10-28,-0.007899069986064391
2021-10-29,-0.0020209942133212976
2021-11-01,0.001468801185347091
2021-11-02,-0.0036984546523820636
2021-11-03,-0.004594426835846637
2021-11-04,-0.0025867319118428626
2021-11-05,-0.00017891107141976195
2021-11-08,-0.001194492748733531
2021-11-09,0.000562327720728235
2021-11-10,0.00583822897108483
2021-11-11,0.00019928332114315956
2021-11-12,-0.006941382997418346
2021-11-15,-0.0006641056976338947
2021-11-16,-0.002778763003674736
2021-11-17,0.0011989633484669202
2021-11-18,-0.003949685297480778
2021-11-19,0.0005039100639203835
2021-11-22,0.003328898446902769
2021-11-23,-0.0028313938468065986
2021-11-24,-0.0026857196851134755
2021-11-26,0.013403916093096793
2021-11-29,-0.013228896766900727
2021-11-30,0.01434699288044063
2021-12-01,0.011691954401003242
2021-12-02,-0.013568160145029715
2021-12-03,0.005361134165222343
2021-12-06,-0.010830405555368558
2021-12-07,-0.012063957741462414
2021-12-08,-0.000589145527615206
2021-12-09,0.004234845994963503
2021-12-10,-0.00925726053488193
2021-12-13,0.0026812656599095137
2021-12-14,0.004832157408078149
2021-12-15,-0.01163281615977364
2021-12-16,0.009371041115804172
2021-12-17,0.006534728550472725
2021-12-20,0.006376240255684225
2021-12-21,-0.013046248594636541
2021-12-22,-0.008559365949163518
2021-12-23,-0.0010701029642856252
2021-12-27,-0.009877926641834235
2021-12-28,0.0003959748110831144
2021-12-29,-3.926403165394678e-05
2021-12-30,0.002409954334768138
2021-12-31,0.004381236960706518
2022-01-03,-0.0018636231743613023
2022-01-04,0.005592795351775052
2022-01-05,0.016774660041332847
2022-01-06,0.0005793079794931021
2022-01-07,0.006403037213590727
2022-01-10,-0.0017091390914659558
2022-01-11,-0.006218766516117522
2022-01-12,-0.0017357652105283897
2022-01-13,0.011185967908124369
2022-01-14,-0.0012019450671430735
2022-01-18,0.012035149236849094
2022-01-19,0.0063098984828138605
2022-01-20,0.00575859646820725
2022-01-21,0.012454730874584105
2022-01-24,-0.010724220980779077
2022-01-25,0.014658220562821019
2022-01-26,-0.0008484877878117427
2022-01-27,0.0013895159022526346
2022-01-28,-0.022624292884373915
2022-01-31,-0.015800314212336776
2022-02-01,-0.0015292049685356138
2022-02-02,-0.0028540587207180907
2022-02-03,0.022160543419249692
2022-02-04,-0.007710944639779947
2022-02-07,0.006564266220973981
2022-02-08,-0.007231311631158279
2022-02-09,-0.012829832931948521
2022-02-10,0.015510139547047889
2022-02-11,0.01620334142682371
2022-02-14,0.0024243459148762347
2022-02-15,-0.012116210274794467
2022-02-16,6.380837867996027e-05
2022-02-17,0.016874464253792496
2022-02-18,0.0023680686181987588
2022-02-22,0.00346359210178697
2022-02-23,0.019072274885055352
2022-02-24,-0.018620115027132254
2022-02-25,-0.011293233927397218
2022-02-28,-0.001165078801864003
2022-03-01,0.013805001928189472
2022-03-02,-0.013961187280780496
2022-03-03,0.005285605343077759
2022-03-04,0.006582675678467331
2022-03-07,0.02165922294102581
2022-03-08,0.0022132982240828936
2022-03-09,-0.01893263057132534
2022-03-10,0.004176572615942498
2022-03-11,0.0096337549675104
2022-03-14,0.0021989805957827995
2022-03-15,-0.01908079855539191
2022-03-16,-0.019342573474090165
2022-03-17,-0.004835498153348775
2022-03-18,-0.004246851827334001
2022-03-21,7.644387060975729e-05
2022-03-22,-0.007528630562700572
2022-03-23,0.010997833086779873
2022-03-24,-0.011945878736692388
2022-03-25,-0.0024657893281889746
2022-03-28,-0.008864990819472309
2022-03-29,-0.010016428167001365
2022-03-30,0.007256659695874858
2022-03-31,0.012457956338660247
2022-04-01,-0.004384322743818289
2022-04-04,-0.0064849437632658255
2022-04-05,0.009629879061516165
2022-04-06,0.005242579071101232
2022-04-07,-0.0031730769072424144
2022-04-08,0.0012561636162634888
2022-04-11,0.010647378220728438
2022-04-12,0.002960653947588469
2022-04-13,-0.008753336508190296
2022-04-14,0.008967623140209964
2022-04-18,0.000625163544477644
2022-04-19,-0.013209934338839033
2022-04-20,0.0034332462690288227
2022-04-21,0.011904202068082455
2022-04-22,0.02066093974588306
2022-04-25,-0.008483410371061748
2022-04-26,0.019380975277264775
2022-04-27,-0.0020011288177604154
2022-04-28,-0.019497276445488723
2022-04-29,0.03001417149562697
2022-05-02,-0.009174667777239574
2022-05-03,-0.006824966236109002
2022-05-04,-0.02196840263225356
2022-05-05,0.026229144115776107
2022-05-06,0.006015583752563368
2022-05-09,0.014186994742463443
2022-05-10,-0.01043099457913466
2022-05-11,0.011730870019204696
2022-05-12,0.0001760815631033216
2022-05-13,-0.01744341156474363
2022-05-16,0.004029998285780665
2022-05-17,-0.011716891679549396
2022-05-18,0.028160736022177647
2022-05-19,0.002550019391867381
2022-05-20,0.002221084754394545
2022-05-23,-0.015757709022004088
2022-05-24,0.004640252832370538
2022-05-25,-0.006653290434192421
2022-05-26,-0.013161448604420159
2022-05-27,-0.021201634674169672
2022-05-31,0.0014653175216944843
2022-06-01,0.006857353303714777
2022-06-02,-0.013806398880546578
2022-06-03,0.016144729743230255
2022-06-06,-0.001762354029155087
2022-06-07,-0.00982661142410963
2022-06-08,0.007799698977362921
2022-06-09,0.016005144378621536
2022-06-10,0.020730264528055133
2022-06-13,0.022229885566551255
2022-06-14,0.0030639072662581707
2022-06-15,-0.012482381708531439
2022-06-16,0.021498474415703617
2022-06-17,-0.0031428420624869096
2022-06-21,-0.018464571577623077
2022-06-22,0.0024845372565355487
2022-06-23,-0.0034608245901249675
2022-06-24,-0.018306469701223745
2022-06-27,0.005785182898541162
2022-06-28,0.014338257811110401
2022-06-29,-0.0010093928677774896
2022-06-30,0.006695468786428252
2022-07-01,-0.008631000619049756
2022-07-05,-0.0024664317070993663
2022-07-06,-0.004131812720853962
2022-07-07,-0.009919447924270016
2022-07-08,0.000562433377559357
2022-07-11,0.009824045182896486
2022-07-12,0.006340758752166669
2022-07-13,0.0036847117078510913
2022-07-14,0.0008269262449990562
2022-07-15,-0.015252724709725798
2022-07-18,0.005475948798858718
2022-07-19,-0.021223972781727815
2022-07-20,-0.004364585755580396
2022-07-21,-0.006192316224519373
2022-07-22,0.006622616648434446
2022-07-25,-0.0004991906412627554
2022-07-26,0.008805650445781271
2022-07-27,-0.020470207868108537
2022-07-28,-0.008555978376931148
2022-07-29,-0.010248597647282013
2022-08-01,0.005762044928413462
2022-08-02,0.006680614843328025
2022-08-03,-0.010474673602891765
2022-08-04,0.0022670771642899767
2022-08-05,0.0008811030116976934
2022-08-08,0.0021875894745307283
2022-08-09,0.0009222419758130622
2022-08-10,-0.01711691123646603
2022-08-11,0.0012502770599783675
2022-08-12,-0.013214670868985687
2022-08-15,-0.0017678019267030115
2022-08-16,-0.001738382361934068
2022-08-17,0.0044603881928617275
2022-08-18,-0.0014408317212368502
2022-08-19,0.011368645483997488
2022-08-22,0.013555575790989795
2022-08-23,0.0026626968289966287
2022-08-24,-0.004119459894832998
2022-08-25,-0.010142864201193973
2022-08-26,0.02400142260156363
2022-08-29,0.003905838295609199
2022-08-30,0.0056398612630653485
2022-08-31,0.005214297398642108
2022-09-01,-0.0037160855376047056
2022-09-02,0.008216148620187047
2022-09-06,0.0003723647248436192
2022-09-07,-0.014255923098769673
2022-09-08,-0.0070283126563932844
2022-09-09,-0.009640490266142845
2022-09-12,-0.00887923752695395
2022-09-13,0.02897112849246886
2022-09-14,-0.006038436063561376
2022-09-15,0.007946581884844622
2022-09-16,0.002204893413782402
2022-09-19,-0.006967382872829457
2022-09-20,0.005496864422148604
2022-09-21,0.014994985816045551
2022-09-22,0.0028790438457782144
2022-09-23,0.007568064750230474
2022-09-26,0.008231504976296936
2022-09-27,-0.00012772712567834924
2022-09-28,-0.01278145307620953
2022-09-29,0.013142022333098755
2022-09-30,0.012659100607671898
2022-10-03,-0.019307638108063074
2022-10-04,-0.02300166833493851
2022-10-05,0.003858968199592194
2022-10-06,0.014716774422578693
2022-10-07,0.019297337769695694
2022-10-10,0.0061574751019842985
2022-10-11,0.004584868770012454
2022-10-12,0.0008871830025595914
2022-10-13,-0.017704696864405862
2022-10-14,0.015123535502659019
2022-10-17,-0.02188506534960509
2022-10-18,-0.00790356942631109
2022-10-19,0.0036008455015194814
2022-10-20,0.003152681278585254
2022-10-21,-0.01579256443815841
2022-10-24,-0.007972302115794123
2022-10-25,-0.01043822080309615
2022-10-26,0.009334610444912902
2022-10-27,0.00684324897525399
2022-10-28,-0.01792138321389989
2022-10-31,0.004880453329706574
2022-11-01,0.0019864563565370613
2022-11-02,0.018588406216886
2022-11-03,0.009877592149576514
2022-11-04,-0.00849612593085315
2022-11-07,-0.008295859286840322
2022-11-08,-0.0017873451130164478
2022-11-09,0.011393159308373141
2022-11-10,-0.04044757093173514
2022-11-11,-0.005340124737158493
2022-11-14,0.007658712596110929
2022-11-15,-0.007968577633856493
2022-11-16,0.004584280929246903
2022-11-17,-0.0010598915334252032
2022-11-18,-0.004469117113420363
2022-11-21,0.002588856214748341
2022-11-22,-0.013803136685593092
2022-11-23,-0.007802713058474143
2022-11-25,0.001825570210163417
2022-11-28,0.008901660019643045
2022-11-29,0.001568873909439493
2022-11-30,-0.023376232451691976
2022-12-01,0.002941195233481342
2022-12-02,0.004737285363831955
2022-12-05,0.012124144886020736
2022-12-06,0.011255656913181967
2022-12-07,-3.973439640452556e-05
2022-12-08,-0.007610340301697859
2022-12-09,0.005231243732352949
2022-12-12,-0.01270135271228501
2022-12-13,-0.005872808596763583
2022-12-14,0.003948933097791153
2022-12-15,0.01910262984563493
2022-12-16,0.009249300833936547
2022-12-19,0.0010622522529438964
2022-12-20,0.001014557832263784
2022-12-21,-0.009403391547415117
2022-12-22,0.01080788272499263
2022-12-23,-0.003396724512931535
2022-12-27,0.003765490890523088
2022-12-28,0.005223865949005442
2022-12-29,-0.010284689459281394
2022-12-30,0.0022668848512127993
2023-01-03,0.01181684651940606
2023-01-04,0.0015515292153702957
2023-01-05,0.008759934106165518
2023-01-06,-0.015673847379308617
2023-01-09,0.002994516585786573
2023-01-10,0.0008067184040312161
2023-01-11,-0.00545639819362484
2023-01-12,0.0012346680995622234
2023-01-13,0.0010746429101834189
2023-01-17,-0.001576315189163261
2023-01-18,0.003940320751160867
2023-01-19,0.01295140351078668
2023-01-20,-0.011906004482379403
2023-01-23,-0.009679727710126682
2023-01-24,0.007545242177500773
2023-01-25,0.0018642365274527833
2023-01-26,-0.006586224876640043
2023-01-27,-0.005826075221149022
2023-01-30,0.011479042673553484
2023-01-31,-0.008939359598567441
2023-02-01,-0.005801743111520666
2023-02-02,-0.0071484152756723955
2023-02-03,0.007648423020209299
2023-02-06,0.00527770181284418
2023-02-07,-0.007495668613387273
2023-02-08,0.008857323532616116
2023-02-09,0.00032732811459324634
2023-02-10,-0.0043970392470622415
2023-02-13,-0.012929188946089024
2023-02-14,0.0018334163742196345
2023-02-15,-0.0034013471455444128
2023-02-16,0.005863330618222211
2023-02-17,0.0028042638849179327
2023-02-21,0.007916947699255494
2023-02-22,0.0067573698084075155
2023-02-23,0.0038978177341564063
2023-02-24,0.0026150662375282073
2023-02-27,-0.00506584183139826
2023-02-28,0.0028474221743756438
2023-03-01,0.0010303377274533008
2023-03-02,-0.005984666185794358
2023-03-03,-0.011767692714141322
2023-03-06,-0.0017506448291712581
2023-03-07,0.007887125609580365
2023-03-08,-0.0005778296458314703
2023-03-09,0.013991800387211142
2023-03-10,0.000292700294724153
2023-03-13,-0.006624272696435044
2023-03-14,-0.012064665247526397
2023-03-15,-0.0010859277749502
2023-03-16,-0.007539883434081731
2023-03-17,0.0061293449534453315
2023-03-20,-0.007266818577441624
2023-03-21,-0.010382252735314694
2023-03-22,0.012512708456843567
2023-03-23,-0.0037624866857989088
2023-03-24,-0.004750182777674278
2023-03-27,-0.004984304252057899
2023-03-28,-0.0004469023002296632
2023-03-29,-0.005470964693978781
2023-03-30,-0.0020193889648994264
2023-03-31,-0.010258930424233401
2023-04-03,-0.007630280774005613
2023-04-04,0.004142655941376148
2023-04-05,0.00014096273346769078
2023-04-06,0.0020507626115937065
2023-04-10,0.00024236762293453648
2023-04-11,-0.0017277352367491468
2023-04-12,0.006541144500565728
2023-04-13,-0.006443519883651545
2023-04-14,0.0036323257636746292
2023-04-17,-0.004146262895367555
2023-04-18,-0.0011026538499001749
2023-04-19,-0.0013877467347397057
2023-04-20,0.0048747682588688186
2023-04-21,-0.002487907137126186
2023-04-24,-0.0004634795870749115
2023-04-25,0.008789176850798285
2023-04-26,0.0034033499382083218
2023-04-27,-0.013776882892368936
2023-04-28,-0.002735188080695404
2023-05-01,-0.001534290949643676
2023-05-02,0.007464897020622255
2023-05-03,0.004540659438635479
2023-05-04,0.00647055547084925
2023-05-05,-0.010352198884630789
2023-05-08,-0.003948305105789403
2023-05-09,0.002337199463464633
2023-05-10,-0.0014190167578978247
2023-05-11,-0.00034009079176483916
2023-05-12,0.0015656700482338502
2023-05-15,-0.003767767370435462
2023-05-16,0.004132884574103708
2023-05-17,-0.008748198928106602
2023-05-18,-0.004566198365140231
2023-05-19,0.00043161396018041235
2023-05-22,-0.00081821737193274
2023-05-23,0.007358943383324653
2023-05-24,0.001528372488705197
2023-05-25,-0.001670954039044555
2023-05-26,-0.006777447434763787
2023-05-30,-0.00041008963708434
2023-05-31,0.0003730855989418748
2023-06-01,-0.003548654455911672
2023-06-02,-0.006744909833925462
2023-06-05,-0.0011557194251957865
2023-06-06,0.0011419275844914908
2023-06-07,0.0013854820273007623
2023-06-08,-0.0021102272552915033
2023-06-09,-0.0010018098562399897
2023-06-12,-0.0030148218356485165
2023-06-13,-0.003922877267806086
2023-06-14,-0.0012370216590307868
2023-06-15,-0.0054347189780103835
2023-06-16,0.003523429003883498
2023-06-20,-0.0011442709840603273
2023-06-21,0.0015024209985944584
2023-06-22,-0.0033439636502647836
2023-06-23,0.0008115506428554402
2023-06-26,-0.0003577978883872817
2023-06-27,-0.005111248419904905
2023-06-28,-0.0010351431795759388
2023-06-29,-0.002065754323405357
2023-06-30,-0.00475498518823848
2023-07-03,0.00017043569456819487
2023-07-05,0.0034108449595780174
2023-07-06,0.0019148903151875452
2023-07-07,0.004504004149834751
2023-07-10,-0.001615153482248148
2023-07-11,-0.004695561080722287
2023-07-12,-0.003258656568661573
2023-07-13,-0.003171058792930213
2023-07-14,-0.00017619025149722572
2023-07-17,-6.350896439861163e-06
2023-07-18,-0.001670272286886182
2023-07-19,-0.0036393845887433625
2023-07-20,-0.00020178309195750376
2023-07-21,-0.0013711742512039211
2023-07-24,-0.0023085493658312516
2023-07-25,-0.0037852366719627545
2023-07-26,0.0017369396394999116
2023-07-27,0.005022253901891766
2023-07-28,-0.0025165234450771744
2023-07-31,-0.0022027897458811747
2023-08-01,-0.0007958040328316686
2023-08-02,0.004399840640594481
2023-08-03,0.002601746666721098
2023-08-04,0.0024398915991887494
2023-08-07,-0.008302471197910381
2023-08-08,-0.0002609320090811249
2023-08-09,0.001162750890545957
2023-08-10,0.001700163107552086
2023-08-11,-0.002122848131148901
2023-08-14,-0.008737124151757536
2023-08-15,0.007568905508170002
2023-08-16,0.0017565346750217084
2023-08-17,0.0038946438662889197
2023-08-18,-0.0031834871971014337
2023-08-21,-0.006733735105177487
2023-08-22,0.003726489567404815
2023-08-23,-0.007665604876692926
2023-08-24,0.008548501733059218
2023-08-25,-0.011089352693327895
2023-08-28,0.001847494333990409
2023-08-29,-0.008921665773884674
2023-08-30,-0.0006749216108493826
2023-08-31,-0.00046504436127528786
2023-09-01,-0.005630566728096972
2023-09-05,0.0019174747981556615
2023-09-06,0.0006586040163833375
2023-09-07,0.0017960247846376314
2023-09-08,-0.0025247770939375337
2023-09-11,-0.003860898222431898
2023-09-12,0.0029969621260298356
2023-09-13,-0.0019520228458648464
2023-09-14,-0.006700733693580152
2023-09-15,0.00841120926514497
2023-09-18,0.0055974458017724995
2023-09-19,0.0019040926136525396
2023-09-20,0.0063879728548390515
2023-09-21,0.00813964786198746
2023-09-22,-8.219254315959806e-05
2023-09-25,-0.004386775062374206
2023-09-26,0.007473758473400621
2023-09-27,-0.004183609786624186
2023-09-28,-0.003769927049066456
2023-09-29,0.002011698693033285
2023-10-02,-0.004894061227695774
2023-10-03,0.004591058169621116
2023-10-04,-0.003551585142202644
2023-10-05,-0.002982114022541611
2023-10-06,-0.008339441582439402
2023-10-09,-0.006182873492661902
2023-10-10,-0.0034513891526162907
2023-10-11,-0.006615674559985105
2023-10-12,0.004973666490464093
2023-10-13,0.0026248771441285054
2023-10-16,-0.008897872579133097
2023-10-17,0.0018105224623704546
2023-10-18,0.0037001688478408602
2023-10-19,0.0016033035484729367
2023-10-20,0.0007306089717938613
2023-10-23,-0.004548351790522465
2023-10-24,0.0004891316706616142
2023-10-25,0.011889464017367596
2023-10-26,-0.001561900580474505
2023-10-27,-0.0038142108061182513
2023-10-30,-0.006692574285835447
2023-10-31,-0.0033999818480318442
2023-11-01,-0.003673917600045951
2023-11-02,-0.008617207736192666
2023-11-03,-0.003412810291881914
2023-11-06,0.0038210668488437008
2023-11-07,-0.0015260352689564149
2023-11-08,-0.0003757027578588604
2023-11-09,0.00019595855746295208
2023-11-10,-0.009592337134974843
2023-11-13,-0.0010072642630200431
2023-11-14,-0.006793817526945595
2023-11-15,-0.001050716141572103
2023-11-16,-0.002108578052908256
2023-11-17,0.0040611679667490585
2023-11-20,-0.002892394229068597
2023-11-21,-0.0011766731641685258
2023-11-22,0.0023559237271190718
2023-11-24,-0.001158618067971607
2023-11-27,-0.0050261197068743055
2023-11-28,0.003295427188037664
2023-11-29,0.0018254144259508983
2023-11-30,-0.0044959631045606175
2023-12-01,0.0016315673537653326
2023-12-04,0.0028073049049664005
2023-12-05,0.0007935475576195362
2023-12-06,0.0008874968455534365
2023-12-07,-0.0069165948459705175
2023-12-08,0.00014886497770672056
2023-12-11,-0.004787031694195155
2023-12-12,-0.00785804908433874
2023-12-13,-0.00474090589176792
2023-12-14,0.0023126322164394785
2023-12-15,-0.0004779344283924275
2023-12-18,-0.004549517830819185
2023-12-19,-0.0008426136373451869
2023-12-20,0.0072202792491896815
2023-12-21,-0.002566081154054732
2023-12-22,0.0020734730688071455
2023-12-26,-0.0007336789287030938
2023-12-27,-0.0015074511477075202
2023-12-28,0.00012546047007922062
2023-12-29,0.003056349843547667
2024-01-02,0.005004613240593035
2024-01-03,0.002588894000366216
2024-01-04,0.0029106759311418122
2024-01-05,0.00031098791900635906
2024-01-08,-0.006823087192826507
2024-01-09,0.0012445103768477296
2024-01-10,-0.003267764097946827
2024-01-11,0.0020525923572468456
2024-01-12,0.002187558751626697
2024-01-16,-0.0016469137245540806
2024-01-17,0.0006557282472192012
2024-01-18,-0.004678978247024622
2024-01-19,-0.007562531903539741
2024-01-22,0.0015231724305267455
2024-01-23,-0.000921594461231804
2024-01-24,0.00011445846580694456
2024-01-25,-0.00162203790697539
2024-01-26,0.0045205079885853915
2024-01-29,-0.0018396392370723302
2024-01-30,-0.0050920588456533165
2024-01-31,0.004976823907003512
2024-02-01,-0.0051389807730236
2024-02-02,0.0009274401857636335
2024-02-05,-0.002606217890292476
2024-02-06,-0.0018314225287925502
2024-02-07,-0.006593664197770837
2024-02-08,-3.0407358092868165e-05
2024-02-09,-0.0005556605718953413
2024-02-12,-0.00030073723300063797
2024-02-13,0.0066479138254277904
2024-02-14,0.00047963213885805246
2024-02-15,-0.004231662889061898
2024-02-16,0.0028432062972289164
2024-02-20,0.0022809980906494396
2024-02-21,-7.010679615146085e-05
2024-02-22,-0.010028776190110335
2024-02-23,-0.0029961574513090506
2024-02-26,0.00573734339974767
2024-02-27,-0.0004819873703077557
2024-02-28,-0.0009144046523293784
2024-02-29,-0.0027515495856790416
2024-03-01,-0.0056240521628768214
2024-03-04,-0.0019035100137637494
2024-03-05,0.0008454136896004529
2024-03-06,-0.0015225075239740675
2024-03-07,-0.0017083359720020137
2024-03-08,0.004127308748060936
2024-03-11,0.0033778199814886857
2024-03-12,-0.007983644260276507
2024-03-13,-0.000508899711292221
2024-03-14,-0.0068782756941457
2024-03-15,0.008236908740821156
2024-03-18,-0.0010353850214450122
2024-03-19,-0.0033788363786898556
2024-03-20,-0.0025365059839047603
2024-03-21,-0.002042334425064018
2024-03-22,-0.0021281256040832537
2024-03-25,-0.004122423328240626
2024-03-26,-0.0021499096473933414
2024-03-27,-0.00040188015512379605
2024-03-28,0.0031416460617353288
2024-04-01,0.0021320121614349925
2024-04-02,0.005182695083604167
2024-04-03,-0.007252836415258651
2024-04-04,0.008830499842006127
2024-04-05,-0.009295105608628396
2024-04-08,-0.0019057388976846468
2024-04-09,0.0005058849045802586
2024-04-10,0.00411831343352724
2024-04-11,-0.00547143578499248
2024-04-12,0.003530018602058463
2024-04-15,0.002342863588815072
2024-04-16,-0.00986952513305585
2024-04-17,-0.0022246960602508676
2024-04-18,0.005229685205660939
2024-04-19,0.0001732386613722556
2024-04-22,0.0052140682937407284
2024-04-23,-0.0035227449612776664
2024-04-24,-0.002581822371787449
2024-04-25,0.003535075567515626
2024-04-26,-0.0037279007062419297
2024-04-29,-0.0028764353117502663
2024-04-30,0.007876630222444747
2024-05-01,0.004924852714856386
2024-05-02,-0.0029264778232392184
2024-05-03,-0.005809493991805037
2024-05-06,-0.005631144328465268
2024-05-07,0.0016859924662142817
2024-05-08,1.7374704176631786e-05
2024-05-09,-0.003301316151228372
2024-05-10,-0.005397450575707176
2024-05-13,0.001813129044287873
2024-05-14,-0.0030756178053835993
2024-05-15,-0.005600349803695525
2024-05-16,0.0011038563208089942
2024-05-17,-0.001612033379698974
2024-05-20,0.0012174013450630668
2024-05-21,0.004393775258289629
2024-05-22,-0.00465274182012356
2024-05-23,0.0026450889447603683
2024-05-24,-0.0006475017099590663
2024-05-28,0.003080209455485592
2024-05-29,0.00020301690911258153
2024-05-30,0.0033051449589989942
2024-05-31,-0.0034327662853718454
2024-06-03,0.0015991257646291318
2024-06-04,-0.00047253493966000436
2024-06-05,-0.011276646661100594
2024-06-06,0.0031557233432712617
2024-06-07,-0.005847810884613867
2024-06-10,-0.005103457878584108
2024-06-11,0.0008163888335848126
2024-06-12,-0.00043392945705834126
2024-06-13,-0.0009920424711420581
2024-06-14,-0.0013480563053951957
2024-06-17,-0.0062621274588601505
2024-06-18,-0.003813528016809643
2024-06-20,-0.0013305005045465158
2024-06-21,0.0017653318310357478
2024-06-24,-0.0016846224789508575
2024-06-25,-0.004647977380482608
2024-06-26,0.0031216788760243586
2024-06-27,0.0002255131407908539
2024-06-28,0.0010577097269475126
2024-07-01,-0.003261259319593619
2024-07-02,-0.009802203959351536
2024-07-03,0.0009399201587366466
2024-07-05,-0.003735346009984637
2024-07-08,-0.002329703496157048
2024-07-09,-0.0026684252166686057
2024-07-10,-0.004397884428078017
2024-07-11,0.006390529408763157
2024-07-12,0.0009729091590544832
2024-07-15,-0.005499676304236121
2024-07-16,0.0004577191488429888
2024-07-17,0.009041550464929403
2024-07-18,0.0005540313375602974
2024-07-19,-0.00021100397512175371
2024-07-22,-0.0061632857446611705
2024-07-23,0.002904421703565459
2024-07-24,0.010587097629194926
2024-07-25,0.0023460592135969532
2024-07-26,-0.0037260989376934955
2024-07-29,-0.0011092952278036344
2024-07-30,-0.002115612723324423
2024-07-31,-0.007797874158921964
2024-08-01,0.00506454631931808
2024-08-02,0.003511452990976875
2024-08-05,0.006164540894000602
2024-08-06,-0.0027593615205777737
2024-08-07,0.003885275843026669
2024-08-08,-0.021326222636901725
2024-08-09,-0.002996199339026595
2024-08-12,-0.0022566478695340386
2024-08-13,-0.006968577360331747
2024-08-14,-0.0027292418710355556
2024-08-15,-0.011086332100419625
2024-08-16,0.003602668031199156
2024-08-19,-0.001953495164517354
2024-08-20,0.0007437642037585155
2024-08-21,-0.0030176296935893404
2024-08-22,0.005242410422720681
2024-08-23,-0.001731477240831513
2024-08-26,0.0010140665564804196
2024-08-27,-0.0014323019912805214
2024-08-28,-0.0005516658688847018
2024-08-29,0.0015678759247684034
2024-08-30,-0.00642729725139389
2024-09-03,0.007781868041837458
2024-09-04,0.003045641087222389
2024-09-05,-0.00032586213920334775
2024-09-06,0.00876845962381502
2024-09-09,-0.006895711913069848
2024-09-10,-0.004363081861363251
2024-09-11,-0.005935255497657852
2024-09-12,-0.004568557723212878
2024-09-13,0.0018245779298687505
2024-09-16,-0.002051812314049366
2024-09-17,-0.0030490038190544907
2024-09-18,0.004113568169934341
2024-09-19,-0.006759870302147999
2024-09-20,0.003550363216482005
2024-09-23,-0.004040925420428394
2024-09-24,0.0025641712855155128
2024-09-25,0.0017438329974698466
2024-09-26,0.00385006794463545
2024-09-27,0.007326918942062774
2024-09-30,-0.0022487149957468623
2024-10-01,0.00589652859423442
2024-10-02,0.0028687607535166585
2024-10-03,5.7657463534417034e-05
2024-10-04,-0.007315273394306674
2024-10-07,0.005724698583650947
2024-10-08,-0.011711370650517769
2024-10-09,-0.007660387564993293
2024-10-10,-0.0020332001080859774
2024-10-11,-0.005042526612494756
2024-10-14,-0.0036924789273171097
2024-10-15,0.0014980517281980976
2024-10-16,0.004741153027438306
2024-10-17,0.0007926201448245234
2024-10-18,0.0010414704028337855
2024-10-21,-0.000975578342900232
2024-10-22,0.0033474780533913747
2024-10-23,0.0021443903047112774
2024-10-24,0.001453453617341522
2024-10-25,0.0031821036056594405
2024-10-28,0.00048686302907415165
2024-10-29,-0.0034370061011025
2024-10-30,-8.76944680265816e-05
2024-10-31,0.013221662618615201
2024-11-01,-0.0008354455100774245
2024-11-04,0.005136956398547188
2024-11-05,-0.003334851612445216
2024-11-06,-0.01408533793868006
2024-11-07,-0.0013260093380947115
2024-11-08,-0.006637708805694918
2024-11-11,0.004504435295385914
2024-11-12,0.003911660719246484
2024-11-13,-0.009158889613158673
2024-11-14,0.0005690044345099694
2024-11-15,0.0018844647559055263
2024-11-18,-0.006510156277060418
2024-11-19,-0.002168511688770097
2024-11-20,0.0013874486064127227
2024-11-21,0.002646876166300399
2024-11-22,0.0010516717988197583
2024-11-25,0.002552638282218961
2024-11-26,-0.001463923031130384
2024-11-27,0.010002179489918363
2024-11-29,0.0005814086664936331
2024-12-02,-0.001005306145048946
2024-12-03,-0.004154870903144488
2024-12-04,-0.007272544557974498
2024-12-05,-0.005630292168773794
2024-12-06,0.0003806502498180627
2024-12-09,0.013369373655172514
2024-12-10,0.0038477080982779336
2024-12-11,-0.0070067712486907765
2024-12-12,0.0006953350942758025
2024-12-13,-0.001363276073887262
2024-12-16,-0.0017858525314420914
2024-12-17,0.0021832538723264715
2024-12-18,0.00579603774760833
2024-12-19,0.005624392126483651
2024-12-20,0.0025832895761855323
2024-12-23,-0.002852988918311251
2024-12-24,-0.0012550996880850568
2024-12-26,0.009277097661474654
2024-12-27,0.0156598171478076
2024-12-30,0.001422695403755475
2024-12-31,-0.004672097737157993
